Total Number of Aligned Reads:	190242	Total Number of Mapped Genomes:	619
Genome	Final Guess	Final Best Hit	Final Best Hit Read Numbers	Final High Confidence Hits	Final Low Confidence Hits	Initial Guess	Initial Best Hit	Initial Best Hit Read Numbers	Initial High Confidence Hits	Initial Low Confidence Hits
ti|435590|org|Bacteroides_vulgatus_ATCC_8482	0.6259664183905788	0.3564092051176922	67804.0	0.3564039486548712	5.256462821038466e-06	0.6258880968775236	0.1955084401271363	37193.916666666664	0.19300680186289043	0.002959388568244657
ti|515619|org|Eubacterium_rectale_ATCC_33656	0.19973130195082262	0.17116094237865456	32562.0	0.17013593212855205	0.001025010250102501	0.05382325812929942	0.032439471830609794	6171.349999998868	9.46163307786924e-05	0.09736546083409552
ti|657322|org|Faecalibacterium_prausnitzii_SL3/3	0.07196219279170848	0.151543823130539	28830.0	0.15153856666771795	5.256462821038466e-06	0.07196217966035902	0.14569075177931268	27716.5	0.1452991452991453	0.00043102995132515427
ti|272559|org|Bacteroides_fragilis_NCTC_9343	0.03197663369648946	0.07234995426877346	13764.0	0.07233944134313137	1.0512925642076933e-05	0.010624902341871308	0.015841664826905428	3013.7500000001423	0.0005782109103142313	0.04697700823162078
ti|679935|org|Alistipes_finegoldii_DSM_17242	0.029330972570466525	0.012289610075587935	2338.0	0.012289610075587935	0.0	0.028555009223600974	0.012279097149945859	2336.0	0.012279097149945859	0.0
ti|245018|org|butyrate-producing_bacterium_SSC/2	0.01523137692136482	0.01612157147212498	3067.0	0.016095289158019787	2.6282314105192333e-05	0.015230118419248925	0.006914000763939264	1315.3333333333335	0.006670451319897814	0.0002838489923360772
ti|657323|org|Ruminococcus_sp._SR1/5	0.013455069432208824	0.07615037688838427	14487.0	0.07567729523449081	0.00047308165389346203	0.012983438223900608	0.0082263643149252	1565.0	0.006491731583982506	0.0018607878386476173
ti|717962|org|Coprococcus_catus_GD/7	0.002734221907506495	0.0017504021194058095	333.0	0.0017504021194058095	0.0	0.0027344924510554806	0.001138024200754828	216.5	0.0010723184154918471	7.359047949453853e-05
ti|657314|org|Ruminococcus_obeum_A2-162	0.0027000997259987074	0.005903007748026198	1123.0	0.005876725433921006	2.6282314105192333e-05	0.002898620768930795	0.020286442180661127	3859.333333333334	0.01827146476592971	0.0021814320707309637
ti|479436|org|Veillonella_parvula_DSM_2008	0.002592881592664852	0.018781341659570443	3573.0	0.018781341659570443	0.0	0.002592881036551956	0.013191093449396032	2509.5	0.013309363862869399	4.205170256830773e-05
ti|367928|org|Bifidobacterium_adolescentis_ATCC_15703	0.0023422659192749522	0.0012457816885861166	237.0	0.0012457816885861166	0.0	0.0006093639022900277	0.0009431645450505638	179.42950937950937	1.0512925642076933e-05	0.001182704134733655
ti|435591|org|Parabacteroides_distasonis_ATCC_8503	0.000592939979035007	0.018471210353129174	3514.0	0.018465953890308133	5.256462821038466e-06	0.0005930690775262866	0.0327775499977222	6235.666666666667	0.03226942525835515	0.000551928596209039
ti|322159|org|Streptococcus_thermophilus_LMD-9	0.0003011527582615934	0.00016295034745219248	31.0	0.00016295034745219248	0.0	3.542151407197634e-05	1.8512344260601744e-05	3.5218253968253967	0.0	0.00014718095898907707
ti|245012|org|butyrate-producing_bacterium_SM4/1	0.00028275549604887633	0.03404085322904511	6476.0	0.03398828860083473	5.2564628210384666e-05	0.0001974011344678738	0.014148295329107158	2691.600000000004	0.0006150061500615006	0.027827714174577644
ti|927666|org|Streptococcus_oralis_Uo5	0.00027109925884543403	0.0005729544474931929	109.0	0.0005729544474931929	0.0	7.782422684050419e-05	0.0003412320447990805	64.91666666666667	0.0	0.0005046204308196929
ti|213810|org|Ruminococcus_champanellensis_18P13	0.0002400305293076278	0.011117418866496358	2115.0	0.011112162403675319	5.256462821038466e-06	0.0002331487510480708	0.009209322862459395	1752.0	0.00891496094448124	0.00032590069490438496
ti|316401|org|Escherichia_coli_ETEC_H10407	0.00012599414044544663	1.0512925642076933e-05	2.0	1.0512925642076933e-05	0.0	8.127563740540211e-06	4.778602564580424e-07	0.09090909090909091	0.0	5.256462821038466e-06
ti|760570|org|Streptococcus_parasanguinis_ATCC_15912	6.099328228145882e-05	0.0003048748436202311	58.0	0.0003048748436202311	0.0	2.548557983718234e-05	7.943099374013684e-05	15.111111111111112	5.256462821038466e-06	0.00016295034745219248
ti|365659|org|Streptococcus_mitis_B6	3.9379568645238804e-05	0.00012089864488388473	23.0	0.00012089864488388473	0.0	7.263946846409627e-05	0.0003272148106096446	62.25000000000001	0.0	0.0004941075051776159
ti|391904|org|Bifidobacterium_longum_subsp._infantis_ATCC_15697_=_JCM_1222	2.529701092992591e-05	0.00025231021540984643	48.0	0.00025231021540984643	0.0	0.0002546163907414351	6.423238280556851e-05	12.219696969696965	0.0	0.0005571850590300775
ti|657308|org|Gordonibacter_pamelaeae_7-10-1-b	1.739247823895373e-05	0.0008883422167555009	169.0	0.0008883422167555009	0.0	1.7392434942584094e-05	4.205170256830773e-05	8.0	4.205170256830773e-05	0.0
ti|645463|org|Clostridium_difficile_R20291	1.2997899027445884e-05	0.0006623143154508469	126.0	0.0006623143154508469	0.0	1.7279058446923652e-06	0.0001005736553092026	19.133333333333322	1.5769388463115402e-05	0.0005361592077459236
ti|481805|org|Escherichia_coli_ATCC_8739	2.0010100832852166e-06	5.256462821038466e-06	1.0	5.256462821038466e-06	0.0	9.389895210355528e-06	5.734323077496509e-06	1.0909090909090908	0.0	1.0512925642076933e-05
ti|866777|org|Bifidobacterium_breve_ACS-071-V-Sch8b	1.0340382028721346e-06	5.256462821038466e-06	1.0	5.256462821038466e-06	0.0	0.00020297606230381123	4.306450083407851e-05	8.192676767676764	0.0	0.00040474763721996197
ti|479437|org|Eggerthella_lenta_DSM_2243	9.433457705921496e-07	0.0002680796038729618	51.0	0.0002680796038729618	0.0	9.433808386726851e-07	0.0007648153404610969	145.5	0.0007516741834085008	1.5769388463115402e-05
ti|1206105|org|Enterococcus_faecalis_D32	5.74146210131342e-07	1.0512925642076933e-05	2.0	1.0512925642076933e-05	0.0	2.567288211012468e-07	7.884694231557701e-06	1.5	5.256462821038466e-06	5.256462821038466e-06
ti|357809|org|Clostridium_phytofermentans_ISDg	4.952565679412832e-07	0.006707246559645084	1276.0	0.006707246559645084	0.0	1.7034760073442884e-06	0.016405858503029475	3121.0833333333335	0.015143869387411822	0.0013877061847541552
ti|693746|org|Oscillibacter_valericigenes_Sjm18-20	3.8260380710079326e-07	0.005356335614638197	1019.0	0.005356335614638197	0.0	1.3633891943759322e-06	0.01008364784502546	1918.3333333333335	0.009519454168900663	0.0006044932244194237
ti|717959|org|Alistipes_shahii_WAL_8301	3.425949688743526e-07	0.0001734632730942694	33.0	0.0001734632730942694	0.0	0.0007763059426945072	0.0002050020500205002	39.0	0.00019974558719946175	1.0512925642076933e-05
ti|1114965|org|Streptococcus_parasanguinis_FW213	2.1206798948116493e-07	3.1538776926230804e-05	6.0	3.1538776926230804e-05	0.0	2.5904769896404775e-05	8.64396108348548e-05	16.444444444444446	5.256462821038466e-06	0.0001734632730942694
ti|442563|org|Bifidobacterium_animalis_subsp._lactis_AD011	1.5711219322853743e-07	3.1538776926230804e-05	6.0	3.1538776926230804e-05	0.0	2.398231804055498e-06	3.644632590922054e-06	0.6933621933621934	0.0	3.1538776926230804e-05
ti|334413|org|Finegoldia_magna_ATCC_29328	1.568663700149696e-07	5.256462821038466e-06	1.0	5.256462821038466e-06	0.0	1.568663700149696e-07	5.256462821038466e-06	1.0	5.256462821038466e-06	0.0
ti|515620|org|Eubacterium_eligens_ATCC_27750	8.155955202540538e-08	0.0007569306462295392	144.0	0.0007569306462295392	0.0	8.244625542721003e-08	0.0007175071750717508	136.5	0.0006780837039139622	4.205170256830773e-05
ti|521095|org|Atopobium_parvulum_DSM_20469	4.4423744414083126e-08	5.256462821038466e-06	1.0	5.256462821038466e-06	0.0	4.442266401004328e-08	5.256462821038466e-06	1.0	5.256462821038466e-06	0.0
ti|702459|org|Bifidobacterium_bifidum_PRL2010	4.254597788146835e-08	5.256462821038466e-06	1.0	5.256462821038466e-06	0.0	8.883633371427066e-08	1.7521542736794887e-06	0.3333333333333333	0.0	5.256462821038466e-06
ti|610130|org|Clostridium_saccharolyticum_WM1	3.511149592559561e-08	0.002980414419528811	567.0	0.002980414419528811	0.0	9.572208942057041e-05	0.09057840364728457	17231.816666666713	0.07939887091178605	0.012457816885861166
ti|657315|org|Roseburia_intestinalis_M50/1	9.069503325618048e-09	0.0005834673731352698	111.0	0.0005834673731352698	0.0	0.01590725959674506	0.012447741998787495	2368.0833333333308	0.0011248830437022319	0.022571251353539178
ti|720554|org|Clostridium_clariflavum_DSM_19732	5.456525129548052e-09	0.005918777136489314	1126.0	0.005918777136489314	0.0	2.993729240689508e-09	0.004303728934725246	818.7500000000002	0.002396947046393541	0.002354895343825233
ti|207559|org|Desulfovibrio_alaskensis_G20	3.644068642193887e-09	0.0026387443361613103	502.0	0.0026387443361613103	0.0	3.062557191408836e-09	0.0022918177899727715	436.0	0.002207714384836156	8.935986795765393e-05
ti|655816|org|Bacillus_subtilis_subsp._spizizenii_str._W23	3.170153947427265e-09	1.0512925642076933e-05	2.0	1.0512925642076933e-05	0.0	2.66783801145274e-09	5.256462821038466e-06	1.0	0.0	5.256462821038466e-06
ti|751585|org|Coprococcus_sp._ART55/1	2.9993657685159682e-09	0.0022234837732992715	423.0	0.0022234837732992715	0.0	8.901513549978018e-08	0.004542459954514075	864.1666666666666	0.003726832140116273	0.000867316365471347
ti|697329|org|Ruminococcus_albus_7	2.565913103750247e-09	0.0003626959346516542	69.0	0.0003626959346516542	0.0	6.916623140947265e-06	0.001621618780290367	308.5	0.0013877061847541552	0.0002575666782308849
ti|1042156|org|Clostridium_sp._SY8519	8.978901187369792e-10	0.0002050020500205002	39.0	0.0002050020500205002	0.0	1.4783692540850313e-06	0.00039423471157788503	75.0	0.0003469265461885388	6.307755385246161e-05
ti|444177|org|Lysinibacillus_sphaericus_C3-41	5.045066240836687e-10	1.5769388463115402e-05	3.0	1.5769388463115402e-05	0.0	1.624662493987703e-10	1.5769388463115402e-05	3.0	0.0	1.5769388463115402e-05
ti|657313|org|Ruminococcus_torques_L2-14	4.2410795675286296e-10	0.0004993639679986544	95.0	0.0004993639679986544	0.0	0.0009270610475724552	0.011663214922747514	2218.8333333333326	0.007211866990464776	0.004672995447903197
ti|394503|org|Clostridium_cellulolyticum_H10	3.816667212741022e-10	0.0015243742181011554	290.0	0.0015243742181011554	0.0	1.1769004103620765e-09	0.002301454638478009	437.83333333333337	0.0007201354064822699	0.0019238653925000787
ti|657321|org|Ruminococcus_bromii_L2-63	3.6424287869189025e-10	0.004262991347862196	811.0	0.004262991347862196	0.0	2.6715946901325845e-08	0.007478632478632479	1422.75	0.007238149304569968	0.00029436191797815414
ti|1002809|org|Solibacillus_silvestris_StLB046	2.1447411237032647e-10	2.1025851284153866e-05	4.0	2.1025851284153866e-05	0.0	1.3501540710896389e-09	5.256462821038466e-06	1.0	0.0	5.256462821038466e-06
ti|170187|org|Streptococcus_pneumoniae_TIGR4	8.366260202523154e-11	1.0512925642076933e-05	2.0	1.0512925642076933e-05	0.0	1.2653767213468634e-05	4.188351792981686e-06	0.7968004218004219	0.0	3.1538776926230804e-05
ti|663278|org|Ethanoligenens_harbinense_YUAN-3	6.379143468144737e-11	0.0015664259206694632	298.0	0.0015664259206694632	0.0	6.597307666701623e-11	0.0038323994351054623	729.0833333333334	0.0034850348503485036	0.0003994911743989235
ti|553174|org|Prevotella_melaninogenica_ATCC_25845	5.96619019351997e-11	4.73081653893462e-05	9.0	4.73081653893462e-05	0.0	5.94390429902715e-11	7.359047949453853e-05	14.0	7.359047949453853e-05	0.0
ti|568816|org|Acidaminococcus_intestini_RyC-MR95	3.052806380724433e-11	1.5769388463115402e-05	3.0	1.5769388463115402e-05	0.0	1.5556422457656368e-11	1.8397619873634634e-05	3.5	1.0512925642076933e-05	1.0512925642076933e-05
ti|757424|org|Herbaspirillum_seropedicae_SmR1	2.3252675338834204e-11	0.0011406524321653474	217.0	0.0011406524321653474	0.0	2.206003295735371e-11	0.0009268896107764496	176.33333333333331	0.0007464177205874623	0.00024705375258880796
ti|1187956|org|Streptococcus_thermophilus_MN-ZLW-002	1.877569540544475e-11	5.256462821038466e-06	1.0	5.256462821038466e-06	0.0	3.541708470652417e-05	1.7104363147823584e-05	3.253968253968254	0.0	0.00013666803334700013
ti|645462|org|Clostridium_difficile_CD196	1.6014612458008333e-11	9.46163307786924e-05	18.0	9.46163307786924e-05	0.0	1.7279058446740625e-06	9.014833738080968e-05	17.149999999999995	1.5769388463115402e-05	0.0005046204308196929
ti|261292|org|Nitrosomonas_sp._Is79A3	6.955660722961039e-12	0.005766339714679198	1097.0	0.005766339714679198	0.0	1.2827758041874432e-12	0.001836870932811892	349.44999999999993	0.0005834673731352698	0.0013666803334700013
ti|1064535|org|Megasphaera_elsdenii_DSM_20460	5.013150593676738e-12	0.00041526056286203886	79.0	0.00041526056286203886	0.0	5.597739164659559e-10	0.005926661830720871	1127.5	0.006039675781373198	4.73081653893462e-05
ti|1217984|org|Bacillus_cereus_FRI-35	4.2712581048036715e-12	1.0512925642076933e-05	2.0	1.0512925642076933e-05	0.0	8.75634374489643e-11	3.4730200781861294e-06	0.6607142857142856	0.0	2.1025851284153866e-05
ti|869311|org|Streptococcus_pneumoniae_SPN032672	3.5092729307224223e-12	2.6282314105192333e-05	5.0	2.6282314105192333e-05	0.0	1.732183597749904e-05	2.6611754700189427e-05	5.062673437673437	2.1025851284153866e-05	5.2564628210384666e-05
ti|226186|org|Bacteroides_thetaiotaomicron_VPI-5482	3.159734539979793e-12	0.0004100041000410004	78.0	0.0004100041000410004	0.0	0.0003064789145708462	0.1709038137389883	32513.08333333261	0.12137698300059924	0.0692959493697501
ti|1005048|org|Collimonas_fungivorans_Ter331	2.3594783873771716e-12	8.410340513661546e-05	16.0	8.410340513661546e-05	0.0	2.719344568488394e-12	0.00027859252951503873	53.0	0.00013666803334700013	0.0002050020500205002
ti|762376|org|Achromobacter_xylosoxidans_A8	7.987980735592311e-13	0.001477066052711809	281.0	0.001477066052711809	0.0	7.859065222641448e-13	0.0022012314140235417	418.76666666666665	0.0003206442320833465	0.0019501477066052712
ti|203119|org|Clostridium_thermocellum_ATCC_27405	6.002590994728541e-13	0.00019448912437842328	37.0	0.00019448912437842328	0.0	1.0837676221587694e-09	0.0021437607538468545	407.83333333333326	0.000977702084713155	0.0022813048643306947
ti|267608|org|Ralstonia_solanacearum_GMI1000	3.8415353201520265e-13	9.987279359973087e-05	19.0	9.987279359973087e-05	0.0	7.020988972721191e-13	0.00013666803334700013	26.0	7.8846942315577e-05	5.7821091031423137e-05
ti|748247|org|Azoarcus_sp._KH32C	2.735374115904869e-13	0.00012089864488388473	23.0	0.00011564218206284627	5.256462821038466e-06	1.1779977061336003e-12	0.00031801600067282726	60.5	0.00022602790130465408	9.46163307786924e-05
ti|882884|org|Salmonella_enterica_subsp._arizonae_serovar_62:z4,z23:-_str.	2.6792105630204396e-13	5.256462821038466e-06	1.0	5.256462821038466e-06	0.0	2.5416038803319007e-13	5.256462821038466e-06	1.0	5.256462821038466e-06	0.0
ti|264198|org|Ralstonia_eutropha_JMP134	2.1697128739588088e-13	4.73081653893462e-05	9.0	3.679523974726927e-05	1.0512925642076933e-05	8.360273406654991e-13	0.00011564218206284627	22.0	7.359047949453853e-05	4.205170256830773e-05
ti|693979|org|Bacteroides_helcogenes_P_36-108	1.6260179846739433e-13	7.8846942315577e-05	15.0	7.8846942315577e-05	0.0	3.3131745111885617e-06	0.006627961578761086	1260.9166666666665	0.0034955477759905803	0.0038529872478211963
ti|1051074|org|Streptococcus_thermophilus_JIM_8232	1.2155596604727316e-13	5.256462821038466e-06	1.0	5.256462821038466e-06	0.0	3.5402778732591436e-05	1.9826459965861358e-05	3.7718253968253967	0.0	0.00015243742181011554
ti|717960|org|Eubacterium_cylindroides_T2-87	1.1309870913670523e-13	0.00019974558719946175	38.0	0.00019974558719946175	0.0	1.1309870913670523e-13	0.00019974558719946175	38.0	0.00019974558719946175	0.0
ti|257310|org|Bordetella_bronchiseptica_RB50	9.865068994152996e-14	0.00025231021540984643	48.0	0.00025231021540984643	0.0	4.915806868623045e-13	0.0004098288846136328	77.96666666666673	5.2564628210384666e-05	0.0007621871090505777
ti|525146|org|Desulfovibrio_desulfuricans_subsp._desulfuricans_str._ATCC_27774	6.647671574191144e-14	3.679523974726927e-05	7.0	3.679523974726927e-05	0.0	5.103307839583718e-10	0.0003337853891359426	63.5	0.00025231021540984643	8.935986795765393e-05
ti|360910|org|Bordetella_avium_197N	5.72269154870319e-14	9.987279359973087e-05	19.0	9.46163307786924e-05	5.256462821038466e-06	5.55408808220403e-13	0.001175870733066305	223.70000000000002	0.0002050020500205002	0.0009934714731762702
ti|568707|org|Bordetella_bronchiseptica_253	3.8757795433772287e-14	0.0001103857192418078	21.0	0.0001103857192418078	0.0	4.3578799487075103e-13	0.0003520077935822097	66.96666666666674	3.1538776926230804e-05	0.0007253918693033084
ti|525919|org|Anaerococcus_prevotii_DSM_20548	3.552328495712707e-14	1.5769388463115402e-05	3.0	1.5769388463115402e-05	0.0	3.552328495712707e-14	1.5769388463115402e-05	3.0	1.5769388463115402e-05	0.0
ti|246198|org|Prevotella_intermedia_17	2.5831562205453855e-14	1.5769388463115402e-05	3.0	1.5769388463115402e-05	0.0	2.5831562205453855e-14	2.1025851284153866e-05	4.0	2.1025851284153866e-05	0.0
ti|637887|org|Clostridium_thermocellum_DSM_1313	2.399562589006675e-14	3.1538776926230804e-05	6.0	3.1538776926230804e-05	0.0	8.089890830985339e-10	0.0012939659311123034	246.16666666666683	0.00031013130644126955	0.0020184817232787714
ti|257313|org|Bordetella_pertussis_Tohama_I	2.2770385143568268e-14	7.8846942315577e-05	15.0	7.8846942315577e-05	0.0	2.0097360245773973e-13	7.665674947347764e-05	14.583333333333334	4.73081653893462e-05	6.307755385246161e-05
ti|650150|org|Erysipelothrix_rhusiopathiae_str._Fujisawa	2.242461278099017e-14	0.00016820681027323093	32.0	0.00016820681027323093	0.0	2.24983955653739e-14	0.00017871973591530787	34.0	0.00017871973591530787	0.0
ti|203275|org|Tannerella_forsythia_ATCC_43037	1.854403764199563e-14	0.00016820681027323093	32.0	0.00016820681027323093	0.0	2.470441713534134e-10	0.0005230180506933275	99.5	0.0004993639679986544	3.1538776926230804e-05
ti|508767|org|Clostridium_botulinum_E3_str._Alaska_E43	8.904693192266484e-15	2.6282314105192333e-05	5.0	3.679523974726927e-05	1.5769388463115402e-05	7.610950722386905e-15	1.3141157052596166e-05	2.5	0.0	2.6282314105192333e-05
ti|508765|org|Clostridium_botulinum_B_str._Eklund_17B	8.904693192266484e-15	2.6282314105192333e-05	5.0	3.679523974726927e-05	1.5769388463115402e-05	7.610950722386905e-15	1.3141157052596166e-05	2.5	0.0	2.6282314105192333e-05
ti|568706|org|Bordetella_pertussis_18323	8.806380241998929e-15	3.1538776926230804e-05	6.0	2.6282314105192333e-05	5.256462821038466e-06	2.022158551738057e-13	4.161366399988786e-05	7.916666666666666	5.256462821038466e-06	6.833401667350006e-05
ti|428406|org|Ralstonia_pickettii_12D	7.79950558568533e-15	3.679523974726927e-05	7.0	3.679523974726927e-05	0.0	5.255339375426771e-13	0.00012352687629440398	23.5	8.410340513661546e-05	6.833401667350006e-05
ti|882378|org|Burkholderia_rhizoxinica_HKI_454	6.92976355362334e-15	5.256462821038466e-06	1.0	5.256462821038466e-06	0.0	2.5412782493705628e-14	4.205170256830773e-05	8.0	1.0512925642076933e-05	3.1538776926230804e-05
ti|927704|org|Selenomonas_ruminantium_subsp._lactilytica_TAM6421	5.5699283034612105e-15	0.00011564218206284627	22.0	0.00011564218206284627	0.0	1.3629146703795534e-12	0.00022602790130465408	43.0	0.0002050020500205002	2.6282314105192333e-05
ti|1208660|org|Bordetella_parapertussis_Bpp5	5.4622162022070306e-15	1.5769388463115402e-05	3.0	1.5769388463115402e-05	0.0	2.3461277545126543e-13	0.00017810648191951997	33.88333333333332	5.256462821038466e-06	0.0005256462821038466
ti|667015|org|Bacteroides_salanitronis_DSM_18170	4.099916988596526e-15	0.001025010250102501	195.0	0.001025010250102501	0.0	1.5355183398823014e-08	0.001978182174984143	376.3333333333333	0.0017819408963320401	0.00021551497566257713
ti|717961|org|Eubacterium_siraeum_V10Sc8a	4.0211824836810695e-15	8.410340513661546e-05	16.0	8.410340513661546e-05	0.0	8.667374841473068e-11	0.0008769532139765842	166.83333333333331	0.0007359047949453853	0.00015243742181011554
ti|1208923|org|Candidatus_Kinetoplastibacterium_blastocrithidii_(ex_Strigomonas	3.4129703353104127e-15	1.5769388463115402e-05	3.0	1.5769388463115402e-05	0.0	9.878751636000895e-14	1.8397619873634634e-05	3.5	1.0512925642076933e-05	1.0512925642076933e-05
ti|457570|org|Natranaerobius_thermophilus_JW/NM-WN-LF	3.1628478325708848e-15	1.0512925642076933e-05	2.0	1.0512925642076933e-05	0.0	1.9394578091406766e-15	1.0512925642076933e-05	2.0	1.0512925642076933e-05	0.0
ti|1229205|org|Burkholderia_phenoliruptrix_BR3459a	2.929058734921671e-15	1.0512925642076933e-05	2.0	1.0512925642076933e-05	0.0	4.30278009571306e-14	2.540623696835259e-05	4.833333333333334	5.256462821038466e-06	2.6282314105192333e-05
ti|257311|org|Bordetella_parapertussis_12822	1.6703402769710214e-15	5.256462821038466e-06	1.0	5.256462821038466e-06	0.0	1.859257167494592e-13	0.00015357632208800706	29.21666666666664	0.0	0.0004888510423565774
ti|153948|org|Nitrosomonas_sp._AL212	1.2739458718148693e-15	2.6282314105192333e-05	5.0	2.6282314105192333e-05	0.0	8.824051595871578e-14	9.636848505237188e-05	18.333333333333332	2.6282314105192333e-05	9.46163307786924e-05
ti|395019|org|Burkholderia_multivorans_ATCC_17616	9.841977981877643e-16	5.256462821038466e-06	1.0	5.256462821038466e-06	0.0	2.492187873823802e-14	7.884694231557701e-06	1.5	5.256462821038466e-06	5.256462821038466e-06
ti|1208920|org|Candidatus_Kinetoplastibacterium_oncopeltii_TCC290E	8.947044712840397e-16	1.0512925642076933e-05	2.0	1.0512925642076933e-05	0.0	2.2438382823616576e-13	3.7671316884109006e-05	7.166666666666666	1.5769388463115402e-05	2.6282314105192333e-05
ti|640510|org|Burkholderia_sp._CCGE1001	3.9120960183726447e-16	5.256462821038466e-06	1.0	5.256462821038466e-06	0.0	1.925216391825599e-14	9.63684850523719e-06	1.8333333333333333	5.256462821038466e-06	1.0512925642076933e-05
ti|935599|org|Neisseria_meningitidis_G2136	3.8722649489994475e-16	3.1538776926230804e-05	6.0	3.1538776926230804e-05	0.0	7.27537841356418e-15	3.6503214034989353e-06	0.6944444444444444	0.0	1.5769388463115402e-05
ti|402626|org|Ralstonia_pickettii_12J	2.35295285573419e-16	2.1025851284153866e-05	4.0	2.1025851284153866e-05	0.0	1.4443804021716996e-13	8.147517372609624e-05	15.5	5.2564628210384666e-05	5.7821091031423137e-05
ti|700015|org|Coriobacterium_glomerans_PW2	1.624979222848812e-16	2.1025851284153866e-05	4.0	2.1025851284153866e-05	0.0	1.624979222848816e-16	2.6282314105192333e-05	5.0	2.6282314105192333e-05	0.0
ti|1511|org|[Clostridium]_sticklandii	1.551117344352881e-16	6.307755385246161e-05	12.0	6.307755385246161e-05	0.0	2.0497150904065179e-16	5.7821091031423137e-05	11.0	4.73081653893462e-05	1.0512925642076933e-05
ti|758678|org|Clostridium_botulinum_F_str._230613	1.263645857019867e-16	2.6282314105192333e-05	5.0	2.6282314105192333e-05	0.0	3.713377475124262e-14	1.1941765734303659e-05	2.2718253968253967	0.0	7.359047949453853e-05
ti|1121335|org|Clostridium_stercorarium_subsp._stercorarium_DSM_8532	1.2219737013612667e-16	7.359047949453853e-05	14.0	7.359047949453853e-05	0.0	1.9081254320284e-10	0.0029322301770026244	557.8333333333333	0.0003416700833675003	0.0026282314105192336
ti|293826|org|Alkaliphilus_metalliredigens_QYMF	9.908922220749594e-17	0.00012615510770492321	24.0	0.00012615510770492321	0.0	5.170605692154759e-15	0.0001892326615573848	36.0	0.00014718095898907707	4.205170256830773e-05
ti|699037|org|Clostridium_difficile_M68	8.885335890973641e-17	0.00013141157052596166	25.0	0.00012615510770492321	5.256462821038466e-06	1.7279058446471213e-06	0.00013771306821737313	26.198809523809498	3.1538776926230804e-05	0.0006465449269877315
ti|694427|org|Paludibacter_propionicigenes_WB4	8.420715365589067e-17	3.1538776926230804e-05	6.0	3.1538776926230804e-05	0.0	8.945723637024595e-13	0.00012615510770492321	24.0	8.935986795765393e-05	3.679523974726927e-05
ti|76114|org|Aromatoleum_aromaticum_EbN1	6.23185442448685e-17	5.256462821038466e-06	1.0	5.256462821038466e-06	0.0	6.872863060790666e-14	7.621871090505777e-05	14.5	1.0512925642076933e-05	6.833401667350006e-05
ti|645991|org|Syntrophobotulus_glycolicus_DSM_8271	4.776578249875224e-17	5.256462821038466e-06	1.0	5.256462821038466e-06	0.0	4.776578249889441e-17	5.256462821038466e-06	1.0	5.256462821038466e-06	0.0
ti|762051|org|Leuconostoc_kimchii_IMSNU_11154	3.2069427480113563e-17	5.256462821038466e-06	1.0	5.256462821038466e-06	0.0	2.1809913897511844e-16	0.0	0.0	0.0	0.0
ti|592022|org|Bacillus_megaterium_DSM_319	2.627715621598257e-17	5.256462821038466e-06	1.0	5.256462821038466e-06	0.0	5.952416043989585e-12	0.0	0.0	0.0	0.0
ti|1036673|org|Paenibacillus_mucilaginosus_KNP414	2.2348986811150186e-17	4.205170256830773e-05	8.0	4.205170256830773e-05	0.0	4.907893354093607e-17	2.8910545515711568e-05	5.5	2.1025851284153866e-05	2.6282314105192333e-05
ti|1116391|org|Paenibacillus_mucilaginosus_3016	2.2348106523551587e-17	0.0	0.0	0.0	0.0	4.9078933540936054e-17	1.8397619873634634e-05	3.5	1.5769388463115402e-05	2.1025851284153866e-05
ti|272563|org|Clostridium_difficile_630	6.963475657380113e-18	2.1025851284153866e-05	4.0	2.1025851284153866e-05	0.0	1.6686275997577714e-06	9.76763430637969e-05	18.58214285714285	1.5769388463115402e-05	0.0005203898192828082
ti|657318|org|Eubacterium_rectale_DSM_17629	5.705756277511247e-18	1.0512925642076933e-05	2.0	1.0512925642076933e-05	0.0	0.05382189873602568	0.032524889351451675	6187.59999999887	0.00019974558719946175	0.0973076397430641
ti|190304|org|Fusobacterium_nucleatum_subsp._nucleatum_ATCC_25586	8.568229028465138e-30	5.256462821038466e-06	1.0	5.256462821038466e-06	0.0	6.865698798968151e-30	5.256462821038466e-06	1.0	5.256462821038466e-06	0.0
ti|195103|org|Clostridium_perfringens_ATCC_13124	1.6291110582919383e-30	5.256462821038466e-06	1.0	5.256462821038466e-06	0.0	6.383965911643639e-15	1.7521542736794887e-06	0.3333333333333333	0.0	5.256462821038466e-06
ti|349741|org|Akkermansia_muciniphila_ATCC_BAA-835	3.780272975871829e-31	5.256462821038466e-06	1.0	5.256462821038466e-06	0.0	3.780272975871829e-31	5.256462821038466e-06	1.0	5.256462821038466e-06	0.0
ti|502558|org|Eggerthella_sp._YY7918	9.344547979408007e-32	6.307755385246161e-05	12.0	6.307755385246161e-05	0.0	8.210733214187062e-12	0.00040737586863048115	77.5	0.0003784653231147696	3.1538776926230804e-05
ti|572264|org|Bacillus_cereus_03BB102	1.667843345997354e-32	5.256462821038466e-06	1.0	5.256462821038466e-06	0.0	2.1863876655828272e-11	7.509232601483524e-07	0.14285714285714285	0.0	5.256462821038466e-06
ti|699035|org|Clostridium_difficile_M120	1.6176706712363129e-32	1.5769388463115402e-05	3.0	1.5769388463115402e-05	0.0	1.7279058447017713e-06	0.00013397096730430056	25.486904761904746	2.1025851284153866e-05	0.0005571850590300775
ti|537021|org|Candidatus_Liberibacter_asiaticus_str._psy62	1.491924018249632e-32	1.3141157052596166e-05	2.5	2.6282314105192333e-05	0.0	1.258465241662848e-32	1.0512925642076933e-05	2.0	1.5769388463115402e-05	5.256462821038466e-06
ti|1174529|org|Candidatus_Liberibacter_asiaticus_str._gxpsy	1.491924018249632e-32	1.3141157052596166e-05	2.5	2.6282314105192333e-05	0.0	1.258465241662848e-32	1.0512925642076933e-05	2.0	1.5769388463115402e-05	5.256462821038466e-06
ti|880072|org|Desulfobacca_acetoxidans_DSM_11109	1.3428239136616248e-32	1.0512925642076933e-05	2.0	1.0512925642076933e-05	0.0	1.6562347394831933e-32	1.5769388463115402e-05	3.0	1.0512925642076933e-05	5.256462821038466e-06
ti|488538|org|Candidatus_Puniceispirillum_marinum_IMCC1322	8.289952816280979e-33	1.0512925642076933e-05	2.0	1.0512925642076933e-05	0.0	9.82502008980098e-33	1.0512925642076933e-05	2.0	1.0512925642076933e-05	0.0
ti|585394|org|Roseburia_hominis_A2-183	7.590939550536172e-33	1.0512925642076933e-05	2.0	1.0512925642076933e-05	0.0	0.006873197448896132	0.001653157557216597	314.49999999999983	0.00041526056286203886	0.0016189905488798479
ti|768704|org|Desulfosporosinus_meridiei_DSM_13257	7.51802692280573e-33	5.256462821038466e-06	1.0	5.256462821038466e-06	0.0	6.631827269844845e-16	5.256462821038466e-06	1.0	5.256462821038466e-06	0.0
ti|266264|org|Cupriavidus_metallidurans_CH34	6.1601463722827774e-33	5.256462821038466e-06	1.0	5.256462821038466e-06	0.0	9.921042170370778e-15	2.6282314105192333e-05	5.0	5.256462821038466e-06	2.1025851284153866e-05
ti|755731|org|Clostridium_sp._BNL1100	5.394060356208365e-33	5.256462821038466e-06	1.0	5.256462821038466e-06	0.0	1.0294538272054378e-09	0.00042402133423043636	80.66666666666667	0.00010512925642076933	0.0005466721333880005
ti|699036|org|Clostridium_difficile_CF5	5.394060356208365e-33	5.256462821038466e-06	1.0	5.256462821038466e-06	0.0	1.620085358347072e-06	9.512946167312707e-05	18.09761904761904	1.5769388463115402e-05	0.0004993639679986544
ti|1042878|org|Cupriavidus_necator_N-1	5.047521606079416e-33	5.256462821038466e-06	1.0	5.256462821038466e-06	0.0	7.513515987584905e-14	4.73081653893462e-05	9.0	3.679523974726927e-05	1.0512925642076933e-05
ti|699246|org|Clostridiales_genomosp._BVAB3_str._UPII9-5	4.135855355397552e-33	5.256462821038466e-06	1.0	5.256462821038466e-06	0.0	1.733151681008768e-14	5.256462821038466e-06	1.0	5.256462821038466e-06	0.0
ti|1128398|org|Clostridium_acidurici_9a	3.621513526357122e-33	5.256462821038466e-06	1.0	5.256462821038466e-06	0.0	1.4467879805789593e-16	1.0512925642076933e-05	2.0	5.256462821038466e-06	5.256462821038466e-06
ti|699033|org|Clostridium_difficile_2007855	3.171136099929442e-33	5.256462821038466e-06	1.0	5.256462821038466e-06	0.0	1.7276578235296963e-06	9.177533777779774e-05	17.459523809523798	1.0512925642076933e-05	0.0005151333564617698
ti|642492|org|Clostridium_lentocellum_DSM_5427	3.171136099929442e-33	5.256462821038466e-06	1.0	5.256462821038466e-06	0.0	3.278890650102891e-16	1.0512925642076933e-05	2.0	1.0512925642076933e-05	0.0
ti|999541|org|Burkholderia_gladioli_BSR3	0.0	0.0	0.0	0.0	0.0	3.777257295804903e-16	0.0	0.0	0.0	0.0
ti|993512|org|Streptococcus_suis_A7	0.0	0.0	0.0	0.0	0.0	6.788049177561351e-09	0.0	0.0	0.0	0.0
ti|990317|org|Streptococcus_gallolyticus_subsp._gallolyticus_ATCC_BAA-2069	0.0	0.0	0.0	0.0	0.0	1.3600940204270539e-14	0.0	0.0	0.0	0.0
ti|985665|org|Paenibacillus_terrae_HPL-003	0.0	0.0	0.0	0.0	0.0	5.773431885050605e-15	0.0	0.0	0.0	0.0
ti|985006|org|Staphylococcus_aureus_subsp._aureus_LGA251	0.0	0.0	0.0	0.0	0.0	5.336081735571797e-14	0.0	0.0	0.0	0.0
ti|985002|org|Staphylococcus_aureus_subsp._aureus_MSHR1132	0.0	0.0	0.0	0.0	0.0	1.7995354713978526e-18	0.0	0.0	0.0	0.0
ti|983917|org|Rubrivivax_gelatinosus_IL144	0.0	0.0	0.0	0.0	0.0	2.6975261241622035e-15	0.0	0.0	0.0	0.0
ti|979982|org|Leuconostoc_sp._C2	0.0	0.0	0.0	0.0	0.0	2.670092336876254e-18	0.0	0.0	0.0	0.0
ti|979556|org|Microbacterium_testaceum_StLB037	0.0	0.0	0.0	0.0	0.0	3.582841869748386e-18	0.0	0.0	0.0	0.0
ti|977880|org|Cupriavidus_taiwanensis_LMG_19424	0.0	0.0	0.0	0.0	0.0	5.505571868075893e-15	1.5769388463115402e-05	3.0	0.0	1.5769388463115402e-05
ti|96561|org|Desulfococcus_oleovorans_Hxd3	0.0	0.0	0.0	0.0	0.0	5.763252087460744e-17	0.0	0.0	0.0	0.0
ti|956149|org|Cronobacter_sakazakii_SP291	0.0	0.0	0.0	0.0	0.0	6.452418308909534e-16	0.0	0.0	0.0	0.0
ti|945704|org|Streptococcus_suis_JS14	0.0	0.0	0.0	0.0	0.0	1.9767713726285972e-08	1.3141157052596166e-06	0.25	0.0	5.256462821038466e-06
ti|945021|org|Tetragenococcus_halophilus_NBRC_12172	0.0	0.0	0.0	0.0	0.0	1.4667685113088697e-09	0.0	0.0	0.0	0.0
ti|942513|org|Neisseria_meningitidis_WUE_2594	0.0	0.0	0.0	0.0	0.0	1.8509657708142797e-15	5.840514245598296e-07	0.1111111111111111	0.0	5.256462821038466e-06
ti|941968|org|Clostridium_botulinum_H04402_065	0.0	0.0	0.0	0.0	0.0	2.099908131010702e-14	7.321501786446436e-06	1.3928571428571428	0.0	5.2564628210384666e-05
ti|940296|org|Neisseria_gonorrhoeae_TCDC-NG08107	0.0	0.0	0.0	0.0	0.0	2.8486269684193236e-15	0.0	0.0	0.0	0.0
ti|940190|org|Melissococcus_plutonius_ATCC_35311	0.0	0.0	0.0	0.0	0.0	1.9459493545660802e-33	0.0	0.0	0.0	0.0
ti|937774|org|Taylorella_equigenitalis_MCE9	0.0	0.0	0.0	0.0	0.0	7.682714603592749e-17	0.0	0.0	0.0	0.0
ti|937773|org|Staphylococcus_pseudintermedius_HKU10-03	0.0	0.0	0.0	0.0	0.0	1.7043212252558232e-14	0.0	0.0	0.0	0.0
ti|936154|org|Streptococcus_parauberis_KCTC_11537	0.0	0.0	0.0	0.0	0.0	6.482147510634822e-12	0.0	0.0	0.0	0.0
ti|935593|org|Neisseria_meningitidis_M04-240196	0.0	0.0	0.0	0.0	0.0	3.342639567684288e-17	0.0	0.0	0.0	0.0
ti|935591|org|Neisseria_meningitidis_M01-240149	0.0	0.0	0.0	0.0	0.0	2.6544485306231225e-18	0.0	0.0	0.0	0.0
ti|935589|org|Neisseria_meningitidis_NZ-05/33	0.0	0.0	0.0	0.0	0.0	7.233623089889263e-15	3.6503214034989353e-06	0.6944444444444444	0.0	1.5769388463115402e-05
ti|932920|org|Listeria_monocytogenes_SLCC2372	0.0	0.0	0.0	0.0	0.0	1.1608569071378444e-33	0.0	0.0	0.0	0.0
ti|932677|org|Pantoea_ananatis_AJ13355	0.0	0.0	0.0	0.0	0.0	1.9113002642123266e-17	0.0	0.0	0.0	0.0
ti|931626|org|Acetobacterium_woodii_DSM_1030	0.0	0.0	0.0	0.0	0.0	2.0876773606094966e-17	0.0	0.0	0.0	0.0
ti|93062|org|Staphylococcus_aureus_subsp._aureus_COL	0.0	0.0	0.0	0.0	0.0	1.3353846563029077e-18	0.0	0.0	0.0	0.0
ti|930170|org|Bacillus_thuringiensis_serovar_finitimus_YBT-020	0.0	0.0	0.0	0.0	0.0	9.700867897124717e-12	0.0	0.0	0.0	0.0
ti|929556|org|Solitalea_canadensis_DSM_3403	0.0	0.0	0.0	0.0	0.0	1.659826542862295e-17	0.0	0.0	0.0	0.0
ti|929506|org|Clostridium_botulinum_BKT015925	0.0	0.0	0.0	0.0	0.0	3.100127405309503e-16	0.0	0.0	0.0	0.0
ti|929102|org|Lactococcus_lactis_subsp._lactis_CV56	0.0	0.0	0.0	0.0	0.0	5.135438353514545e-12	0.0	0.0	0.0	0.0
ti|910348|org|Escherichia_coli_P12b	0.0	0.0	0.0	0.0	0.0	5.50816038221444e-06	4.778602564580424e-07	0.09090909090909091	0.0	5.256462821038466e-06
ti|909420|org|Neisseria_meningitidis_H44/76	0.0	0.0	0.0	0.0	0.0	2.835028397300282e-15	5.840514245598296e-07	0.1111111111111111	0.0	5.256462821038466e-06
ti|908937|org|Prevotella_dentalis_DSM_3688	0.0	0.0	0.0	0.0	0.0	7.113704300741724e-16	0.0	0.0	0.0	0.0
ti|903814|org|Eubacterium_limosum_KIST612	0.0	0.0	0.0	0.0	0.0	5.287402964954739e-16	5.256462821038466e-06	1.0	5.256462821038466e-06	0.0
ti|890402|org|Bifidobacterium_longum_subsp._longum_BBMN68	0.0	0.0	0.0	0.0	0.0	0.00012513815797421496	6.231961439013506e-05	11.855808080808075	0.0	0.0005466721333880005
ti|884204|org|Burkholderia_pseudomallei_1026b	0.0	0.0	0.0	0.0	0.0	1.2472923702489515e-15	0.0	0.0	0.0	0.0
ti|883|org|Desulfovibrio_vulgaris_str._Miyazaki_F	0.0	0.0	0.0	0.0	0.0	5.602598034044389e-11	3.416700833675003e-05	6.5	1.0512925642076933e-05	2.6282314105192333e-05
ti|883062|org|Bifidobacterium_bifidum_S17	0.0	0.0	0.0	0.0	0.0	2.2438568332337686e-08	1.7521542736794887e-06	0.3333333333333333	0.0	5.256462821038466e-06
ti|882|org|Desulfovibrio_vulgaris_str._Hildenborough	0.0	0.0	0.0	0.0	0.0	3.123575092413701e-13	0.0	0.0	0.0	0.0
ti|882096|org|Listeria_monocytogenes_SLCC5850	0.0	0.0	0.0	0.0	0.0	1.1608569071378444e-33	0.0	0.0	0.0	0.0
ti|882020|org|Listeria_monocytogenes_SLCC2479	0.0	0.0	0.0	0.0	0.0	1.1608569071378444e-33	0.0	0.0	0.0	0.0
ti|881621|org|Listeria_ivanovii_subsp._ivanovii_PAM_55	0.0	0.0	0.0	0.0	0.0	1.5007736516249923e-10	0.0	0.0	0.0	0.0
ti|869816|org|Staphylococcus_aureus_subsp._aureus_JKD6159	0.0	0.0	0.0	0.0	0.0	1.7043212252558232e-14	0.0	0.0	0.0	0.0
ti|869312|org|Streptococcus_pneumoniae_SPN033038	0.0	0.0	0.0	0.0	0.0	5.966232876179915e-06	4.763869998676192e-06	0.9062881562881562	0.0	4.205170256830773e-05
ti|869309|org|Streptococcus_pneumoniae_SPNA45	0.0	0.0	0.0	0.0	0.0	1.0616315103300992e-05	1.0919544461033723e-05	2.0773559773559773	0.0	8.410340513661546e-05
ti|869307|org|Streptococcus_pneumoniae_SPN994039	0.0	0.0	0.0	0.0	0.0	5.507032047605111e-06	4.262933584534493e-06	0.810989010989011	0.0	3.679523974726927e-05
ti|869306|org|Streptococcus_pneumoniae_SPN994038	0.0	0.0	0.0	0.0	0.0	5.394152702345102e-06	9.244247503937792e-06	1.7586441336441334	0.0	7.359047949453853e-05
ti|869304|org|Streptococcus_pneumoniae_SPN034183	0.0	0.0	0.0	0.0	0.0	3.233562300411461e-06	6.618422898739547e-06	1.2591020091020089	0.0	4.73081653893462e-05
ti|869303|org|Streptococcus_pneumoniae_SPN034156	0.0	0.0	0.0	0.0	0.0	8.849650456185031e-06	5.057660701524832e-06	0.9621794871794871	0.0	4.73081653893462e-05
ti|869269|org|Streptococcus_pneumoniae_INV104	0.0	0.0	0.0	0.0	0.0	5.181778036310017e-06	8.954949504354998e-06	1.7036075036075036	0.0	6.833401667350006e-05
ti|869216|org|Streptococcus_pneumoniae_INV200	0.0	0.0	0.0	0.0	0.0	1.0922725098538732e-06	4.0564296879936955e-06	0.7717032967032966	0.0	3.679523974726927e-05
ti|869215|org|Streptococcus_pneumoniae_OXC141	0.0	0.0	0.0	0.0	0.0	5.413838065897868e-06	6.169954840595394e-06	1.1737845487845489	0.0	5.7821091031423137e-05
ti|868595|org|Desulfotomaculum_carboxydivorans_CO-1-SRB	0.0	0.0	0.0	0.0	0.0	3.432543335699329e-33	0.0	0.0	0.0	0.0
ti|866895|org|Halobacillus_halophilus_DSM_2266	0.0	0.0	0.0	0.0	0.0	4.538270441366362e-15	0.0	0.0	0.0	0.0
ti|866768|org|Escherichia_coli_BL21-Gold(DE3)pLysS_AG	0.0	0.0	0.0	0.0	0.0	3.6508202854859196e-06	0.0	0.0	0.0	0.0
ti|866536|org|Belliella_baltica_DSM_15883	0.0	0.0	0.0	0.0	0.0	9.470349044577186e-33	0.0	0.0	0.0	0.0
ti|862962|org|Bacteroides_fragilis_638R	0.0	0.0	0.0	0.0	0.0	0.010575915140399038	0.01216170281360912	2313.666666666626	2.6282314105192333e-05	0.03931834190136773
ti|861208|org|Agrobacterium_sp._H13-3	0.0	0.0	0.0	0.0	0.0	3.388851174043168e-33	0.0	0.0	0.0	0.0
ti|859657|org|Ralstonia_solanacearum_PSI07	0.0	0.0	0.0	0.0	0.0	5.928435708848913e-14	2.1025851284153866e-05	4.0	1.5769388463115402e-05	5.256462821038466e-06
ti|859656|org|Ralstonia_solanacearum_CFBP2957	0.0	0.0	0.0	0.0	0.0	9.502295400352552e-14	6.0449322441942365e-05	11.5	3.1538776926230804e-05	3.1538776926230804e-05
ti|859655|org|Ralstonia_solanacearum_CMR15	0.0	0.0	0.0	0.0	0.0	3.910166632495789e-15	5.256462821038466e-06	1.0	5.256462821038466e-06	0.0
ti|85643|org|Thauera_sp._MZ1T	0.0	0.0	0.0	0.0	0.0	8.306745296118997e-15	2.1025851284153866e-05	4.0	5.256462821038466e-06	1.5769388463115402e-05
ti|768706|org|Desulfosporosinus_orientis_DSM_765	0.0	0.0	0.0	0.0	0.0	4.083393725633466e-18	0.0	0.0	0.0	0.0
ti|768494|org|Bacillus_anthracis_str._H9401	0.0	0.0	0.0	0.0	0.0	9.700867403903037e-12	0.0	0.0	0.0	0.0
ti|768486|org|Enterococcus_hirae_ATCC_9790	0.0	0.0	0.0	0.0	0.0	2.724078829945242e-08	5.256462821038466e-06	1.0	5.256462821038466e-06	0.0
ti|767463|org|Streptococcus_thermophilus_ND03	0.0	0.0	0.0	0.0	0.0	2.3798508720184472e-05	1.49871767337942e-05	2.8511904761904763	0.0	4.73081653893462e-05
ti|767031|org|Prevotella_denticola_F0289	0.0	0.0	0.0	0.0	0.0	2.487540452919584e-13	5.256462821038466e-06	1.0	5.256462821038466e-06	0.0
ti|762903|org|Pedobacter_saltans_DSM_12145	0.0	0.0	0.0	0.0	0.0	1.0800625547286755e-32	0.0	0.0	0.0	0.0
ti|762550|org|Leuconostoc_gasicomitatum_LMG_18811	0.0	0.0	0.0	0.0	0.0	3.482384654232031e-18	0.0	0.0	0.0	0.0
ti|759913|org|Streptococcus_dysgalactiae_subsp._equisimilis_AC-2713	0.0	0.0	0.0	0.0	0.0	2.345379365899097e-11	0.0	0.0	0.0	0.0
ti|759350|org|Bifidobacterium_longum_subsp._longum_JDM301	0.0	0.0	0.0	0.0	0.0	0.00013412389279995781	3.8329512499254174e-05	7.291883116883112	0.0	0.00035743947183061573
ti|75379|org|Thiomonas_intermedia_K12	0.0	0.0	0.0	0.0	0.0	9.248312724203119e-16	7.008617094717955e-06	1.3333333333333333	5.256462821038466e-06	5.256462821038466e-06
ti|748727|org|Clostridium_ljungdahlii_DSM_13528	0.0	0.0	0.0	0.0	0.0	1.1045002658366618e-18	0.0	0.0	0.0	0.0
ti|748280|org|Pseudogulbenkiania_sp._NH8B	0.0	0.0	0.0	0.0	0.0	2.4192876103599284e-15	0.0	0.0	0.0	0.0
ti|743973|org|Taylorella_equigenitalis_ATCC_35865	0.0	0.0	0.0	0.0	0.0	3.013262268809645e-17	0.0	0.0	0.0	0.0
ti|743722|org|Sphingobacterium_sp._21	0.0	0.0	0.0	0.0	0.0	2.3805775682791148e-32	0.0	0.0	0.0	0.0
ti|743718|org|Isoptericola_variabilis_225	0.0	0.0	0.0	0.0	0.0	5.9873665580588765e-18	0.0	0.0	0.0	0.0
ti|742729|org|Bifidobacterium_animalis_subsp._lactis_Bi-07	0.0	0.0	0.0	0.0	0.0	2.0242392847685865e-07	2.017632193933957e-06	0.38383838383838387	0.0	2.1025851284153866e-05
ti|742013|org|Delftia_sp._Cs1-4	0.0	0.0	0.0	0.0	0.0	8.711971419865216e-16	0.0	0.0	0.0	0.0
ti|741093|org|Escherichia_coli_Xuzhou21	0.0	0.0	0.0	0.0	0.0	2.293650013843439e-06	0.0	0.0	0.0	0.0
ti|722911|org|Bifidobacterium_longum_subsp._longum_F8	0.0	0.0	0.0	0.0	0.0	0.00010935168730934917	5.8353753515705115e-05	11.101334776334772	0.0	0.0005046204308196929
ti|718255|org|Roseburia_intestinalis_XB6B4	0.0	0.0	0.0	0.0	0.0	0.014628766711372884	0.008937563734611749	1700.3000000000084	8.935986795765393e-05	0.018812880436496673
ti|717608|org|Clostridium_cf._saccharolyticum_K10	0.0	0.0	0.0	0.0	0.0	0.000197415228762857	0.014202436896163856	2701.900000000004	0.0006465449269877315	0.027859252951503873
ti|717605|org|Thermobacillus_composti_KWC4	0.0	0.0	0.0	0.0	0.0	4.896544376437793e-34	0.0	0.0	0.0	0.0
ti|716540|org|Erwinia_amylovora_ATCC_49946	0.0	0.0	0.0	0.0	0.0	1.339480143054511e-15	0.0	0.0	0.0	0.0
ti|714359|org|Bacillus_thuringiensis_BMB171	0.0	0.0	0.0	0.0	0.0	5.918006837867838e-12	6.570578526298083e-07	0.125	0.0	5.256462821038466e-06
ti|703613|org|Bifidobacterium_animalis_subsp._animalis_ATCC_25527	0.0	0.0	0.0	0.0	0.0	3.356396816258846e-08	6.6900435904125926e-06	1.2727272727272725	0.0	2.1025851284153866e-05
ti|703339|org|Staphylococcus_aureus_04-02981	0.0	0.0	0.0	0.0	0.0	1.7995354713978526e-18	0.0	0.0	0.0	0.0
ti|699034|org|Clostridium_difficile_BI1	0.0	0.0	0.0	0.0	0.0	1.0414572843437236e-06	0.00010466618707701114	19.911904761904754	5.256462821038466e-06	0.0005729544474931929
ti|699032|org|Clostridium_difficile_BI9	0.0	0.0	0.0	0.0	0.0	2.846357202135978e-08	2.6175933310004648e-05	4.979761904761904	5.256462821038466e-06	0.00015243742181011554
ti|697283|org|Streptococcus_pneumoniae_gamPNI0373	0.0	0.0	0.0	0.0	0.0	6.494358185616697e-06	5.815352189969783e-06	1.1063242313242314	0.0	4.205170256830773e-05
ti|697281|org|Mahella_australiensis_50-1_BON	0.0	0.0	0.0	0.0	0.0	1.3238866965208007e-17	0.0	0.0	0.0	0.0
ti|696406|org|Escherichia_coli_UMNK88	0.0	0.0	0.0	0.0	0.0	3.923876502234432e-06	0.0	0.0	0.0	0.0
ti|693974|org|Shewanella_baltica_BA175	0.0	0.0	0.0	0.0	0.0	3.8701493656742386e-33	0.0	0.0	0.0	0.0
ti|693216|org|Cronobacter_turicensis_z3032	0.0	0.0	0.0	0.0	0.0	1.8272914824279657e-16	0.0	0.0	0.0	0.0
ti|691437|org|Geobacillus_sp._C56-T3	0.0	0.0	0.0	0.0	0.0	2.0950025612049448e-11	0.0	0.0	0.0	0.0
ti|690850|org|Desulfovibrio_africanus_str._Walvis_Bay	0.0	0.0	0.0	0.0	0.0	5.543021909729009e-14	5.256462821038466e-06	1.0	5.256462821038466e-06	0.0
ti|685039|org|Staphylococcus_aureus_subsp._aureus_ED133	0.0	0.0	0.0	0.0	0.0	1.068682189266309e-13	0.0	0.0	0.0	0.0
ti|684738|org|Lactococcus_lactis_subsp._lactis_KF147	0.0	0.0	0.0	0.0	0.0	5.764390803473605e-33	0.0	0.0	0.0	0.0
ti|681288|org|Staphylococcus_aureus_subsp._aureus_ED98	0.0	0.0	0.0	0.0	0.0	5.270839256428611e-19	0.0	0.0	0.0	0.0
ti|680646|org|Rothia_mucilaginosa_DY-18	0.0	0.0	0.0	0.0	0.0	1.4275384986049966e-16	0.0	0.0	0.0	0.0
ti|680198|org|Streptomyces_scabiei_87.22	0.0	0.0	0.0	0.0	0.0	5.634575717937274e-17	0.0	0.0	0.0	0.0
ti|66692|org|Bacillus_clausii_KSM-K16	0.0	0.0	0.0	0.0	0.0	3.828104794549529e-18	0.0	0.0	0.0	0.0
ti|666681|org|Methylotenera_versatilis_301	0.0	0.0	0.0	0.0	0.0	7.018629619936974e-16	0.0	0.0	0.0	0.0
ti|665029|org|Erwinia_amylovora_CFBP1430	0.0	0.0	0.0	0.0	0.0	1.339480143054511e-15	0.0	0.0	0.0	0.0
ti|663951|org|Staphylococcus_aureus_subsp._aureus_TW20	0.0	0.0	0.0	0.0	0.0	1.7995354713978526e-18	0.0	0.0	0.0	0.0
ti|662598|org|Neisseria_meningitidis_alpha14	0.0	0.0	0.0	0.0	0.0	2.1834958139511586e-15	5.840514245598296e-07	0.1111111111111111	0.0	5.256462821038466e-06
ti|657317|org|Eubacterium_rectale_M104/1	0.0	0.0	0.0	0.0	0.0	0.05381240403637013	0.031814828832043555	6052.51666666563	2.6282314105192333e-05	0.09626160364167745
ti|649639|org|Bacillus_cellulosilyticus_DSM_2522	0.0	0.0	0.0	0.0	0.0	2.110168932769281e-33	5.256462821038466e-06	1.0	0.0	5.256462821038466e-06
ti|646529|org|Desulfosporosinus_acidiphilus_SJ4	0.0	0.0	0.0	0.0	0.0	4.663333627072178e-18	0.0	0.0	0.0	0.0
ti|644651|org|Erwinia_pyrifoliae_DSM_12163	0.0	0.0	0.0	0.0	0.0	1.746975200220483e-15	0.0	0.0	0.0	0.0
ti|644284|org|Arcanobacterium_haemolyticum_DSM_20595	0.0	0.0	0.0	0.0	0.0	3.207313438213301e-16	0.0	0.0	0.0	0.0
ti|643562|org|Desulfovibrio_aespoeensis_Aspo-2	0.0	0.0	0.0	0.0	0.0	4.682380697095356e-13	0.0	0.0	0.0	0.0
ti|643561|org|Acidovorax_avenae_subsp._avenae_ATCC_19860	0.0	0.0	0.0	0.0	0.0	2.026006499215591e-16	0.0	0.0	0.0	0.0
ti|641491|org|Desulfovibrio_desulfuricans_ND132	0.0	0.0	0.0	0.0	0.0	5.742950197507134e-14	0.0	0.0	0.0	0.0
ti|640512|org|Burkholderia_sp._CCGE1003	0.0	0.0	0.0	0.0	0.0	1.9335367523556006e-14	7.884694231557701e-06	1.5	0.0	1.0512925642076933e-05
ti|640511|org|Burkholderia_sp._CCGE1002	0.0	0.0	0.0	0.0	0.0	5.497612630766093e-14	5.51928596209039e-05	10.5	0.0	5.7821091031423137e-05
ti|640081|org|Dechlorosoma_suillum_PS	0.0	0.0	0.0	0.0	0.0	6.986653214559601e-17	0.0	0.0	0.0	0.0
ti|637909|org|Streptococcus_gallolyticus_UCN34	0.0	0.0	0.0	0.0	0.0	1.3600940204270539e-14	0.0	0.0	0.0	0.0
ti|637380|org|Bacillus_cereus_biovar_anthracis_str._CI	0.0	0.0	0.0	0.0	0.0	1.3091570040559803e-11	2.065038965407969e-06	0.39285714285714285	0.0	1.0512925642076933e-05
ti|635013|org|Thermincola_potens_JR	0.0	0.0	0.0	0.0	0.0	9.005926299084257e-16	0.0	0.0	0.0	0.0
ti|634956|org|Geobacillus_thermoglucosidasius_C56-YS93	0.0	0.0	0.0	0.0	0.0	1.594632947605152e-13	0.0	0.0	0.0	0.0
ti|633147|org|Olsenella_uli_DSM_7084	0.0	0.0	0.0	0.0	0.0	1.0804040398448892e-12	0.0	0.0	0.0	0.0
ti|632518|org|Caldicellulosiruptor_owensensis_OL	0.0	0.0	0.0	0.0	0.0	7.297392911861908e-17	0.0	0.0	0.0	0.0
ti|632516|org|Caldicellulosiruptor_lactoaceticus_6A	0.0	0.0	0.0	0.0	0.0	6.015097268894728e-17	0.0	0.0	0.0	0.0
ti|632348|org|Caldicellulosiruptor_kronotskyensis_2002	0.0	0.0	0.0	0.0	0.0	2.687751186130258e-16	0.0	0.0	0.0	0.0
ti|632335|org|Caldicellulosiruptor_kristjanssonii_177R1B	0.0	0.0	0.0	0.0	0.0	6.015097268894727e-17	0.0	0.0	0.0	0.0
ti|632292|org|Caldicellulosiruptor_hydrothermalis_108	0.0	0.0	0.0	0.0	0.0	2.703549568858133e-16	0.0	0.0	0.0	0.0
ti|630588|org|Neisseria_meningitidis_alpha710	0.0	0.0	0.0	0.0	0.0	1.2738106623791054e-17	0.0	0.0	0.0	0.0
ti|62928|org|Azoarcus_sp._BH72	0.0	0.0	0.0	0.0	0.0	3.44350344356463e-14	7.884694231557701e-06	1.5	0.0	1.0512925642076933e-05
ti|626418|org|Burkholderia_glumae_BGR1	0.0	0.0	0.0	0.0	0.0	5.729773657316321e-16	0.0	0.0	0.0	0.0
ti|608506|org|Caldicellulosiruptor_obsidiansis_OB47	0.0	0.0	0.0	0.0	0.0	7.29739291186191e-17	0.0	0.0	0.0	0.0
ti|604162|org|Neisseria_meningitidis_8013	0.0	0.0	0.0	0.0	0.0	2.2023600260823753e-17	0.0	0.0	0.0	0.0
ti|596154|org|Alicycliphilus_denitrificans_K601	0.0	0.0	0.0	0.0	0.0	5.029568785644155e-16	0.0	0.0	0.0	0.0
ti|596153|org|Alicycliphilus_denitrificans_BC	0.0	0.0	0.0	0.0	0.0	2.6979461484191464e-16	0.0	0.0	0.0	0.0
ti|595537|org|Variovorax_paradoxus_EPS	0.0	0.0	0.0	0.0	0.0	1.3033979360235038e-16	0.0	0.0	0.0	0.0
ti|595495|org|Escherichia_coli_KO11FL	0.0	0.0	0.0	0.0	0.0	7.48240400994063e-07	4.778602564580424e-07	0.09090909090909091	0.0	5.256462821038466e-06
ti|592021|org|Bacillus_anthracis_str._A0248	0.0	0.0	0.0	0.0	0.0	1.3717668187071479e-11	0.0	0.0	0.0	0.0
ti|591365|org|Streptococcus_intermedius_JTH08	0.0	0.0	0.0	0.0	0.0	1.9666704599009438e-07	5.256462821038466e-06	1.0	5.256462821038466e-06	0.0
ti|591001|org|Acidaminococcus_fermentans_DSM_20731	0.0	0.0	0.0	0.0	0.0	1.4971623037572066e-11	2.628231410519233e-06	0.5	0.0	5.256462821038466e-06
ti|590998|org|Cellulomonas_fimi_ATCC_484	0.0	0.0	0.0	0.0	0.0	2.4878501166935762e-18	0.0	0.0	0.0	0.0
ti|585396|org|Escherichia_coli_O111:H-_str._11128	0.0	0.0	0.0	0.0	0.0	5.50816038221444e-06	4.778602564580424e-07	0.09090909090909091	0.0	5.256462821038466e-06
ti|585395|org|Escherichia_coli_O103:H2_str._12009	0.0	0.0	0.0	0.0	0.0	1.404205916577556e-07	4.778602564580424e-07	0.09090909090909091	0.0	5.256462821038466e-06
ti|585057|org|Escherichia_coli_IAI39	0.0	0.0	0.0	0.0	0.0	3.90146818705288e-06	0.0	0.0	0.0	0.0
ti|585056|org|Escherichia_coli_UMN026	0.0	0.0	0.0	0.0	0.0	2.451121080054076e-06	0.0	0.0	0.0	0.0
ti|585055|org|Escherichia_coli_55989	0.0	0.0	0.0	0.0	0.0	5.50816038221444e-06	4.778602564580424e-07	0.09090909090909091	0.0	5.256462821038466e-06
ti|585034|org|Escherichia_coli_IAI1	0.0	0.0	0.0	0.0	0.0	3.600955799907895e-06	4.778602564580424e-07	0.09090909090909091	0.0	5.256462821038466e-06
ti|583346|org|Clostridium_kluyveri_NBRC_12016	0.0	0.0	0.0	0.0	0.0	3.8484745879145605e-33	0.0	0.0	0.0	0.0
ti|583345|org|Methylotenera_mobilis_JLW8	0.0	0.0	0.0	0.0	0.0	8.187676382494103e-16	0.0	0.0	0.0	0.0
ti|581103|org|Geobacillus_sp._Y4.1MC1	0.0	0.0	0.0	0.0	0.0	1.5792639515454064e-13	0.0	0.0	0.0	0.0
ti|580332|org|Sideroxydans_lithotrophicus_ES-1	0.0	0.0	0.0	0.0	0.0	1.094843175644575e-14	5.256462821038466e-06	1.0	0.0	5.256462821038466e-06
ti|580050|org|Bifidobacterium_animalis_subsp._lactis_Bl-04	0.0	0.0	0.0	0.0	0.0	1.0791967283874738e-07	2.768555454082309e-06	0.5266955266955267	0.0	2.6282314105192333e-05
ti|577650|org|Desulfobulbus_propionicus_DSM_2032	0.0	0.0	0.0	0.0	0.0	3.5251236636793156e-17	0.0	0.0	0.0	0.0
ti|574093|org|Streptococcus_pneumoniae_AP200	0.0	0.0	0.0	0.0	0.0	1.7370677717993066e-06	4.127671125494949e-06	0.7852564102564101	0.0	3.679523974726927e-05
ti|573370|org|Desulfovibrio_magneticus_RS-1	0.0	0.0	0.0	0.0	0.0	3.043210299090524e-14	0.0	0.0	0.0	0.0
ti|573236|org|Bifidobacterium_animalis_subsp._lactis_V9	0.0	0.0	0.0	0.0	0.0	1.2907149357037274e-07	3.644632590922054e-06	0.6933621933621934	0.0	3.1538776926230804e-05
ti|573235|org|Escherichia_coli_O26:H11_str._11368	0.0	0.0	0.0	0.0	0.0	5.50816038221444e-06	4.778602564580424e-07	0.09090909090909091	0.0	5.256462821038466e-06
ti|573061|org|Clostridium_cellulovorans_743B	0.0	0.0	0.0	0.0	0.0	7.55406213442184e-17	5.256462821038466e-06	1.0	0.0	5.256462821038466e-06
ti|573059|org|Desulfovibrio_vulgaris_RCH1	0.0	0.0	0.0	0.0	0.0	2.0790620709941616e-12	0.0	0.0	0.0	0.0
ti|572547|org|Aminobacterium_colombiense_DSM_12261	0.0	0.0	0.0	0.0	0.0	1.3081700386487296e-32	0.0	0.0	0.0	0.0
ti|572544|org|Ilyobacter_polytropus_DSM_2926	0.0	0.0	0.0	0.0	0.0	1.7025302294969863e-30	0.0	0.0	0.0	0.0
ti|568819|org|Listeria_monocytogenes_serotype_4b_str._CLIP_80459	0.0	0.0	0.0	0.0	0.0	1.1608569071378444e-33	0.0	0.0	0.0	0.0
ti|568814|org|Streptococcus_suis_BM407	0.0	0.0	0.0	0.0	0.0	3.646657884740807e-08	0.0	0.0	0.0	0.0
ti|568813|org|Streptococcus_suis_SC84	0.0	0.0	0.0	0.0	0.0	1.8291152761006092e-09	0.0	0.0	0.0	0.0
ti|568206|org|Bacillus_anthracis_str._CDC_684	0.0	0.0	0.0	0.0	0.0	5.2938584424859806e-11	0.0	0.0	0.0	0.0
ti|566546|org|Escherichia_coli_W	0.0	0.0	0.0	0.0	0.0	3.3786354203326585e-06	4.778602564580424e-07	0.09090909090909091	0.0	5.256462821038466e-06
ti|565655|org|Enterococcus_casseliflavus_EC20	0.0	0.0	0.0	0.0	0.0	1.106604066120724e-07	0.0	0.0	0.0	0.0
ti|565042|org|Bifidobacterium_longum_subsp._longum_JCM_1217	0.0	0.0	0.0	0.0	0.0	0.0001923821899499123	4.400296528217805e-05	8.371212121212118	0.0	0.0004100041000410004
ti|565040|org|Bifidobacterium_longum_subsp._infantis_157F	0.0	0.0	0.0	0.0	0.0	0.0001362161137262728	5.20442914866859e-05	9.9010101010101	0.0	0.00043628641414619274
ti|563174|org|Listeria_monocytogenes_L99	0.0	0.0	0.0	0.0	0.0	2.537943754477648e-33	0.0	0.0	0.0	0.0
ti|561276|org|Streptococcus_pneumoniae_ATCC_700669	0.0	0.0	0.0	0.0	0.0	8.661865354544917e-06	6.551484537418242e-06	1.2463675213675212	0.0	5.7821091031423137e-05
ti|557598|org|Laribacter_hongkongensis_HLHK9	0.0	0.0	0.0	0.0	0.0	2.138740446681751e-18	0.0	0.0	0.0	0.0
ti|555970|org|Bifidobacterium_animalis_subsp._lactis_DSM_10140	0.0	0.0	0.0	0.0	0.0	1.8396721401957962e-07	3.644632590922054e-06	0.6933621933621934	0.0	3.1538776926230804e-05
ti|555778|org|Halothiobacillus_neapolitanus_c2	0.0	0.0	0.0	0.0	0.0	4.133950750561758e-18	0.0	0.0	0.0	0.0
ti|553482|org|Streptococcus_equi_subsp._equi_4047	0.0	0.0	0.0	0.0	0.0	1.388158057863572e-08	0.0	0.0	0.0	0.0
ti|553190|org|Gardnerella_vaginalis_409-05	0.0	0.0	0.0	0.0	0.0	3.80291162587736e-10	0.0	0.0	0.0	0.0
ti|552536|org|Listeria_monocytogenes_HCC23	0.0	0.0	0.0	0.0	0.0	2.537943754477648e-33	0.0	0.0	0.0	0.0
ti|552531|org|Bifidobacterium_animalis_subsp._lactis_BB-12	0.0	0.0	0.0	0.0	0.0	5.417318336907065e-08	3.644632590922054e-06	0.6933621933621934	0.0	3.1538776926230804e-05
ti|552526|org|Streptococcus_equi_subsp._zooepidemicus_MGCS10565	0.0	0.0	0.0	0.0	0.0	3.711090167482459e-08	0.0	0.0	0.0	0.0
ti|548479|org|Mobiluncus_curtisii_ATCC_43063	0.0	0.0	0.0	0.0	0.0	7.905369405092033e-14	0.0	0.0	0.0	0.0
ti|548473|org|Staphylococcus_aureus_subsp._aureus_TCH60	0.0	0.0	0.0	0.0	0.0	1.3353846563029077e-18	0.0	0.0	0.0	0.0
ti|546342|org|Staphylococcus_aureus_subsp._aureus_str._JKD6008	0.0	0.0	0.0	0.0	0.0	1.7995354713978526e-18	0.0	0.0	0.0	0.0
ti|546271|org|Selenomonas_sputigena_ATCC_35185	0.0	0.0	0.0	0.0	0.0	1.4911132112745267e-14	0.0	0.0	0.0	0.0
ti|546269|org|Filifactor_alocis_ATCC_35896	0.0	0.0	0.0	0.0	0.0	1.224019958448752e-16	2.6282314105192333e-05	5.0	0.0	2.6282314105192333e-05
ti|544556|org|Geobacillus_sp._Y412MC61	0.0	0.0	0.0	0.0	0.0	1.976062569487881e-14	0.0	0.0	0.0	0.0
ti|544404|org|Escherichia_coli_O157:H7_str._TW14359	0.0	0.0	0.0	0.0	0.0	5.9230009675620645e-08	0.0	0.0	0.0	0.0
ti|543913|org|beta_proteobacterium_CB	0.0	0.0	0.0	0.0	0.0	2.271851289612848e-15	0.0	0.0	0.0	0.0
ti|543728|org|Variovorax_paradoxus_S110	0.0	0.0	0.0	0.0	0.0	1.892822842232707e-17	0.0	0.0	0.0	0.0
ti|541229|org|Bacillus_thuringiensis_serovar_chinensis_CT-43	0.0	0.0	0.0	0.0	0.0	2.8964542727566774e-11	1.3141157052596166e-06	0.25	0.0	5.256462821038466e-06
ti|536232|org|Clostridium_botulinum_A2_str._Kyoto	0.0	0.0	0.0	0.0	0.0	2.4549939268784343e-14	7.02947607416652e-06	1.3373015873015872	0.0	5.7821091031423137e-05
ti|536230|org|Burkholderia_pseudomallei_MSHR346	0.0	0.0	0.0	0.0	0.0	4.307197803887903e-16	2.628231410519233e-06	0.5	0.0	5.256462821038466e-06
ti|535289|org|Acidovorax_ebreus_TPSY	0.0	0.0	0.0	0.0	0.0	3.8924556763179684e-16	0.0	0.0	0.0	0.0
ti|527021|org|Bacillus_thuringiensis_Bt407	0.0	0.0	0.0	0.0	0.0	1.2495935269537591e-18	0.0	0.0	0.0	0.0
ti|526225|org|Geodermatophilus_obscurus_DSM_43160	0.0	0.0	0.0	0.0	0.0	4.436146734164998e-34	0.0	0.0	0.0	0.0
ti|526222|org|Desulfovibrio_salexigens_DSM_2638	0.0	0.0	0.0	0.0	0.0	4.5799535818441386e-12	1.0512925642076933e-05	2.0	0.0	1.0512925642076933e-05
ti|525897|org|Desulfomicrobium_baculatum_DSM_4028	0.0	0.0	0.0	0.0	0.0	2.4373057005474904e-12	5.256462821038466e-06	1.0	5.256462821038466e-06	0.0
ti|525381|org|Streptococcus_pneumoniae_TCH8431/19A	0.0	0.0	0.0	0.0	0.0	4.264294679537827e-06	2.8034468378871824e-06	0.5333333333333333	0.0	1.5769388463115402e-05
ti|525284|org|Gardnerella_vaginalis_ATCC_14019	0.0	0.0	0.0	0.0	0.0	2.7692433138559594e-10	2.628231410519233e-06	0.5	0.0	5.256462821038466e-06
ti|523796|org|Staphylococcus_aureus_subsp._aureus_ST398	0.0	0.0	0.0	0.0	0.0	2.359352128135329e-14	0.0	0.0	0.0	0.0
ti|522306|org|Candidatus_Accumulibacter_phosphatis_clade_IIA_str._UW-1	0.0	0.0	0.0	0.0	0.0	1.9067718060751933e-13	0.00011301395065232704	21.5	2.1025851284153866e-05	0.00010512925642076933
ti|521460|org|Caldicellulosiruptor_bescii_DSM_6725	0.0	0.0	0.0	0.0	0.0	2.731728919882175e-16	0.0	0.0	0.0	0.0
ti|521006|org|Neisseria_gonorrhoeae_NCCP11945	0.0	0.0	0.0	0.0	0.0	2.858380096456522e-15	0.0	0.0	0.0	0.0
ti|516950|org|Streptococcus_pneumoniae_CGSP14	0.0	0.0	0.0	0.0	0.0	1.534618495670001e-06	2.77424426665919e-06	0.5277777777777777	0.0	2.1025851284153866e-05
ti|515622|org|Butyrivibrio_proteoclasticus_B316	0.0	0.0	0.0	0.0	0.0	1.5598827382733754e-08	0.0	0.0	0.0	0.0
ti|515621|org|Clostridium_botulinum_Ba4_str._657	0.0	0.0	0.0	0.0	0.0	2.1738924476211447e-14	1.0095746053105627e-05	1.9206349206349207	0.0	7.359047949453853e-05
ti|512566|org|Streptococcus_pneumoniae_G54	0.0	0.0	0.0	0.0	0.0	2.8453485597541543e-06	4.304972450807755e-06	0.818986568986569	0.0	3.679523974726927e-05
ti|511691|org|Streptococcus_mutans_NN2025	0.0	0.0	0.0	0.0	0.0	1.7063187477966672e-15	0.0	0.0	0.0	0.0
ti|498214|org|Clostridium_botulinum_A3_str._Loch_Maree	0.0	0.0	0.0	0.0	0.0	1.4467401270359752e-14	7.3423607658950005e-06	1.3968253968253967	0.0	6.307755385246161e-05
ti|498213|org|Clostridium_botulinum_B1_str._Okra	0.0	0.0	0.0	0.0	0.0	2.303696508515169e-14	9.094515039574489e-06	1.73015873015873	0.0	7.359047949453853e-05
ti|491915|org|Anoxybacillus_flavithermus_WK1	0.0	0.0	0.0	0.0	0.0	8.545157990837158e-10	5.256462821038466e-06	1.0	5.256462821038466e-06	0.0
ti|489653|org|Neisseria_lactamica_020-06	0.0	0.0	0.0	0.0	0.0	5.1934876253475404e-17	0.0	0.0	0.0	0.0
ti|488223|org|Streptococcus_pneumoniae_P1031	0.0	0.0	0.0	0.0	0.0	5.486510676188083e-06	9.965968192858152e-06	1.8959457209457204	0.0	7.359047949453853e-05
ti|488222|org|Streptococcus_pneumoniae_JJA	0.0	0.0	0.0	0.0	0.0	1.5727396218023564e-05	7.986582323479538e-06	1.519383394383394	0.0	6.307755385246161e-05
ti|488221|org|Streptococcus_pneumoniae_70585	0.0	0.0	0.0	0.0	0.0	6.693128461673775e-06	6.422479772213269e-06	1.2218253968253967	0.0	4.73081653893462e-05
ti|487215|org|Streptococcus_pyogenes_Alab49	0.0	0.0	0.0	0.0	0.0	4.2637613232176493e-10	0.0	0.0	0.0	0.0
ti|487214|org|Streptococcus_pneumoniae_Hungary19A-6	0.0	0.0	0.0	0.0	0.0	2.8841066639518446e-06	6.56804044068686e-06	1.2495171495171495	0.0	5.7821091031423137e-05
ti|487213|org|Streptococcus_pneumoniae_Taiwan19F-14	0.0	0.0	0.0	0.0	0.0	7.276982507778237e-06	7.035602487710855e-06	1.3384670884670884	0.0	5.7821091031423137e-05
ti|486410|org|Streptococcus_dysgalactiae_subsp._equisimilis_GGS_124	0.0	0.0	0.0	0.0	0.0	2.0445357584841367e-10	0.0	0.0	0.0	0.0
ti|485917|org|Pedobacter_heparinus_DSM_2366	0.0	0.0	0.0	0.0	0.0	1.4922812060860066e-32	0.0	0.0	0.0	0.0
ti|485916|org|Desulfotomaculum_acetoxidans_DSM_771	0.0	0.0	0.0	0.0	0.0	1.063565416171735e-15	1.0512925642076933e-05	2.0	5.256462821038466e-06	5.256462821038466e-06
ti|485915|org|Desulfohalobium_retbaense_DSM_5692	0.0	0.0	0.0	0.0	0.0	1.1626908326533297e-14	0.0	0.0	0.0	0.0
ti|484020|org|Bifidobacterium_bifidum_BGN4	0.0	0.0	0.0	0.0	0.0	5.02866391444676e-08	1.7521542736794887e-06	0.3333333333333333	0.0	5.256462821038466e-06
ti|474186|org|Enterococcus_faecalis_OG1RF	0.0	0.0	0.0	0.0	0.0	1.3145154783514504e-13	5.256462821038466e-06	1.0	5.256462821038466e-06	0.0
ti|472759|org|Nitrosococcus_halophilus_Nc4	0.0	0.0	0.0	0.0	0.0	2.881191812003667e-18	0.0	0.0	0.0	0.0
ti|471857|org|Saccharomonospora_viridis_DSM_43017	0.0	0.0	0.0	0.0	0.0	1.358787682622814e-18	0.0	0.0	0.0	0.0
ti|471856|org|Jonesia_denitrificans_DSM_20603	0.0	0.0	0.0	0.0	0.0	8.0076900618866e-13	5.256462821038466e-06	1.0	5.256462821038466e-06	0.0
ti|471855|org|Slackia_heliotrinireducens_DSM_20476	0.0	0.0	0.0	0.0	0.0	6.989460261321364e-16	0.0	0.0	0.0	0.0
ti|471852|org|Thermomonospora_curvata_DSM_43183	0.0	0.0	0.0	0.0	0.0	3.23560676201641e-15	0.0	0.0	0.0	0.0
ti|471223|org|Geobacillus_sp._WCH70	0.0	0.0	0.0	0.0	0.0	4.029492745711491e-13	0.0	0.0	0.0	0.0
ti|469378|org|Cryptobacterium_curtum_DSM_15641	0.0	0.0	0.0	0.0	0.0	1.685694966627561e-14	5.256462821038466e-06	1.0	0.0	5.256462821038466e-06
ti|469008|org|Escherichia_coli_BL21(DE3)	0.0	0.0	0.0	0.0	0.0	3.652727909483663e-06	0.0	0.0	0.0	0.0
ti|467705|org|Streptococcus_gordonii_str._Challis_substr._CH1	0.0	0.0	0.0	0.0	0.0	5.896686624410498e-06	2.0587812715733993e-05	3.9166666666666665	1.0512925642076933e-05	2.1025851284153866e-05
ti|465817|org|Erwinia_tasmaniensis_Et1/99	0.0	0.0	0.0	0.0	0.0	3.1755962092801846e-15	0.0	0.0	0.0	0.0
ti|465515|org|Micrococcus_luteus_NCTC_2665	0.0	0.0	0.0	0.0	0.0	3.4419928919622852e-15	0.0	0.0	0.0	0.0
ti|458233|org|Macrococcus_caseolyticus_JCSC5402	0.0	0.0	0.0	0.0	0.0	1.5599483942823463e-11	0.0	0.0	0.0	0.0
ti|455488|org|Anaeromyxobacter_dehalogenans_2CP-1	0.0	0.0	0.0	0.0	0.0	3.2216789774064057e-17	0.0	0.0	0.0	0.0
ti|452638|org|Polynucleobacter_necessarius_subsp._necessarius_STIR1	0.0	0.0	0.0	0.0	0.0	2.166480728630695e-15	0.0	0.0	0.0	0.0
ti|451516|org|Staphylococcus_aureus_subsp._aureus_USA300_TCH1516	0.0	0.0	0.0	0.0	0.0	7.040582914374758e-14	0.0	0.0	0.0	0.0
ti|447217|org|Anaeromyxobacter_sp._K	0.0	0.0	0.0	0.0	0.0	3.2216789774064057e-17	0.0	0.0	0.0	0.0
ti|446466|org|Cellulomonas_flavigena_DSM_20109	0.0	0.0	0.0	0.0	0.0	2.4878501166935762e-18	0.0	0.0	0.0	0.0
ti|446465|org|Brachybacterium_faecium_DSM_4810	0.0	0.0	0.0	0.0	0.0	2.926687077702e-15	5.256462821038466e-06	1.0	5.256462821038466e-06	0.0
ti|444450|org|Escherichia_coli_O157:H7_str._EC4115	0.0	0.0	0.0	0.0	0.0	5.9230009675620645e-08	0.0	0.0	0.0	0.0
ti|443906|org|Clavibacter_michiganensis_subsp._michiganensis_NCPPB_382	0.0	0.0	0.0	0.0	0.0	5.911421450218989e-18	0.0	0.0	0.0	0.0
ti|441772|org|Clostridium_botulinum_F_str._Langeland	0.0	0.0	0.0	0.0	0.0	3.3711972820623204e-14	1.018961146062417e-05	1.9384920634920635	0.0	6.833401667350006e-05
ti|441771|org|Clostridium_botulinum_A_str._Hall	0.0	0.0	0.0	0.0	0.0	2.5274090254543687e-14	8.218437902734746e-06	1.5634920634920635	0.0	6.833401667350006e-05
ti|441770|org|Clostridium_botulinum_A_str._ATCC_19397	0.0	0.0	0.0	0.0	0.0	2.7174621410548633e-14	7.68653392679633e-06	1.4623015873015872	0.0	6.307755385246161e-05
ti|439235|org|Desulfatibacillum_alkenivorans_AK-01	0.0	0.0	0.0	0.0	0.0	1.6868269485200577e-16	1.0512925642076933e-05	2.0	0.0	1.0512925642076933e-05
ti|431947|org|Porphyromonas_gingivalis_ATCC_33277	0.0	0.0	0.0	0.0	0.0	4.13839434529448e-33	0.0	0.0	0.0	0.0
ti|431943|org|Clostridium_kluyveri_DSM_555	0.0	0.0	0.0	0.0	0.0	6.2167055928935345e-18	0.0	0.0	0.0	0.0
ti|426114|org|Thiomonas_sp._3As	0.0	0.0	0.0	0.0	0.0	6.338653149393417e-16	1.7521542736794887e-06	0.3333333333333333	0.0	5.256462821038466e-06
ti|423211|org|Streptococcus_suis_GZ1	0.0	0.0	0.0	0.0	0.0	6.460585381606847e-10	0.0	0.0	0.0	0.0
ti|420890|org|Lactococcus_garvieae_Lg2	0.0	0.0	0.0	0.0	0.0	7.82134261445962e-13	5.256462821038466e-06	1.0	5.256462821038466e-06	0.0
ti|420889|org|Lactococcus_garvieae_ATCC_49156	0.0	0.0	0.0	0.0	0.0	7.736531871688944e-13	0.0	0.0	0.0	0.0
ti|420662|org|Methylibium_petroleiphilum_PM1	0.0	0.0	0.0	0.0	0.0	1.2261651802273337e-16	0.0	0.0	0.0	0.0
ti|420246|org|Geobacillus_thermodenitrificans_NG80-2	0.0	0.0	0.0	0.0	0.0	3.764699253784954e-33	0.0	0.0	0.0	0.0
ti|416870|org|Lactococcus_lactis_subsp._cremoris_MG1363	0.0	0.0	0.0	0.0	0.0	5.135438353514545e-12	0.0	0.0	0.0	0.0
ti|416344|org|Burkholderia_sp._KJ006	0.0	0.0	0.0	0.0	0.0	1.4470312749741554e-16	0.0	0.0	0.0	0.0
ti|413999|org|Clostridium_botulinum_A_str._ATCC_3502	0.0	0.0	0.0	0.0	0.0	1.044688296655368e-14	5.183456392968488e-06	0.986111111111111	0.0	4.73081653893462e-05
ti|413997|org|Escherichia_coli_B_str._REL606	0.0	0.0	0.0	0.0	0.0	3.652727909483663e-06	0.0	0.0	0.0	0.0
ti|412694|org|Bacillus_thuringiensis_str._Al_Hakam	0.0	0.0	0.0	0.0	0.0	6.239537845470927e-12	7.509232601483524e-07	0.14285714285714285	0.0	5.256462821038466e-06
ti|412022|org|Burkholderia_mallei_NCTC_10229	0.0	0.0	0.0	0.0	0.0	1.7658402246607587e-15	0.0	0.0	0.0	0.0
ti|409438|org|Escherichia_coli_SE11	0.0	0.0	0.0	0.0	0.0	5.648580973872196e-06	9.557205129160849e-07	0.18181818181818182	0.0	1.0512925642076933e-05
ti|406425|org|Burkholderia_cenocepacia_MC0-3	0.0	0.0	0.0	0.0	0.0	9.012734989522637e-16	0.0	0.0	0.0	0.0
ti|405535|org|Bacillus_cereus_AH820	0.0	0.0	0.0	0.0	0.0	6.855385865424344e-11	7.509232601483524e-07	0.14285714285714285	0.0	5.256462821038466e-06
ti|405534|org|Bacillus_cereus_AH187	0.0	0.0	0.0	0.0	0.0	3.151920332038428e-11	2.065038965407969e-06	0.39285714285714285	0.0	1.0512925642076933e-05
ti|405531|org|Bacillus_cereus_G9842	0.0	0.0	0.0	0.0	0.0	2.771604658685928e-13	0.0	0.0	0.0	0.0
ti|404589|org|Anaeromyxobacter_sp._Fw109-5	0.0	0.0	0.0	0.0	0.0	9.839145303465251e-18	0.0	0.0	0.0	0.0
ti|401473|org|Bifidobacterium_dentium_Bd1	0.0	0.0	0.0	0.0	0.0	1.3816420242921175e-07	0.0	0.0	0.0	0.0
ti|398578|org|Delftia_acidovorans_SPH-1	0.0	0.0	0.0	0.0	0.0	1.261650986966099e-15	0.0	0.0	0.0	0.0
ti|398577|org|Burkholderia_ambifaria_MC40-6	0.0	0.0	0.0	0.0	0.0	1.9503263374870774e-15	0.0	0.0	0.0	0.0
ti|398527|org|Burkholderia_phytofirmans_PsJN	0.0	0.0	0.0	0.0	0.0	8.56910649208773e-15	1.4893311326275657e-05	2.8333333333333335	0.0	2.1025851284153866e-05
ti|397945|org|Acidovorax_citrulli_AAC00-1	0.0	0.0	0.0	0.0	0.0	8.797209988560291e-16	0.0	0.0	0.0	0.0
ti|396513|org|Staphylococcus_carnosus_subsp._carnosus_TM300	0.0	0.0	0.0	0.0	0.0	1.604007713810777e-14	0.0	0.0	0.0	0.0
ti|395495|org|Leptothrix_cholodnii_SP-6	0.0	0.0	0.0	0.0	0.0	2.2115040654658277e-15	0.0	0.0	0.0	0.0
ti|395494|org|Gallionella_capsiferriformans_ES-2	0.0	0.0	0.0	0.0	0.0	8.757902818039574e-16	0.0	0.0	0.0	0.0
ti|393130|org|Listeria_monocytogenes_J0161	0.0	0.0	0.0	0.0	0.0	1.1608569071378444e-33	0.0	0.0	0.0	0.0
ti|393126|org|Listeria_monocytogenes_FSL_R2-561	0.0	0.0	0.0	0.0	0.0	2.537943754477648e-33	0.0	0.0	0.0	0.0
ti|391774|org|Desulfovibrio_vulgaris_DP4	0.0	0.0	0.0	0.0	0.0	2.2746488447377758e-12	0.0	0.0	0.0	0.0
ti|391735|org|Verminephrobacter_eiseniae_EF01-2	0.0	0.0	0.0	0.0	0.0	1.162281176001073e-15	0.0	0.0	0.0	0.0
ti|391296|org|Streptococcus_suis_98HAH33	0.0	0.0	0.0	0.0	0.0	1.463903171383291e-10	0.0	0.0	0.0	0.0
ti|391295|org|Streptococcus_suis_05ZYH33	0.0	0.0	0.0	0.0	0.0	1.3031572270039863e-09	5.256462821038466e-06	1.0	0.0	5.256462821038466e-06
ti|391038|org|Burkholderia_phymatum_STM815	0.0	0.0	0.0	0.0	0.0	4.3196810142573536e-15	0.0	0.0	0.0	0.0
ti|388919|org|Streptococcus_sanguinis_SK36	0.0	0.0	0.0	0.0	0.0	8.238848323369701e-06	3.4605046905169905e-05	6.583333333333333	1.5769388463115402e-05	2.6282314105192333e-05
ti|386585|org|Escherichia_coli_O157:H7_str._Sakai	0.0	0.0	0.0	0.0	0.0	2.293650013843439e-06	0.0	0.0	0.0	0.0
ti|386415|org|Clostridium_novyi_NT	0.0	0.0	0.0	0.0	0.0	7.999971524913609e-15	1.5769388463115402e-05	3.0	1.0512925642076933e-05	5.256462821038466e-06
ti|381666|org|Ralstonia_eutropha_H16	0.0	0.0	0.0	0.0	0.0	8.712381981130971e-14	1.0512925642076933e-05	2.0	5.256462821038466e-06	5.256462821038466e-06
ti|375286|org|Janthinobacterium_sp._Marseille	0.0	0.0	0.0	0.0	0.0	2.431455743422463e-14	1.0512925642076933e-05	2.0	1.0512925642076933e-05	0.0
ti|374833|org|Neisseria_meningitidis_053442	0.0	0.0	0.0	0.0	0.0	2.608612176284557e-15	5.840514245598296e-07	0.1111111111111111	0.0	5.256462821038466e-06
ti|373384|org|Shigella_flexneri_5_str._8401	0.0	0.0	0.0	0.0	0.0	8.822008940844021e-08	0.0	0.0	0.0	0.0
ti|373153|org|Streptococcus_pneumoniae_D39	0.0	0.0	0.0	0.0	0.0	4.1247123436020135e-06	7.836718578826e-06	1.490873015873016	0.0	6.307755385246161e-05
ti|370554|org|Streptococcus_pyogenes_MGAS10750	0.0	0.0	0.0	0.0	0.0	2.1120785640643175e-15	0.0	0.0	0.0	0.0
ti|370552|org|Streptococcus_pyogenes_MGAS10270	0.0	0.0	0.0	0.0	0.0	4.3284619561052357e-10	0.0	0.0	0.0	0.0
ti|370551|org|Streptococcus_pyogenes_MGAS9429	0.0	0.0	0.0	0.0	0.0	1.2749928281704234e-10	0.0	0.0	0.0	0.0
ti|365046|org|Ramlibacter_tataouinensis_TTB310	0.0	0.0	0.0	0.0	0.0	8.633395661473874e-17	0.0	0.0	0.0	0.0
ti|365044|org|Polaromonas_naphthalenivorans_CJ2	0.0	0.0	0.0	0.0	0.0	8.272940517819413e-16	0.0	0.0	0.0	0.0
ti|363253|org|Lawsonia_intracellularis_PHE/MN1-00	0.0	0.0	0.0	0.0	0.0	1.2275040503702652e-12	0.0	0.0	0.0	0.0
ti|359786|org|Staphylococcus_aureus_subsp._aureus_JH9	0.0	0.0	0.0	0.0	0.0	3.1349201277007602e-18	0.0	0.0	0.0	0.0
ti|358681|org|Brevibacillus_brevis_NBRC_100599	0.0	0.0	0.0	0.0	0.0	7.017360825945275e-33	0.0	0.0	0.0	0.0
ti|358220|org|Acidovorax_sp._KKS102	0.0	0.0	0.0	0.0	0.0	1.635996932140213e-15	0.0	0.0	0.0	0.0
ti|357348|org|Burkholderia_pseudomallei_1106a	0.0	0.0	0.0	0.0	0.0	6.6839801604597625e-16	0.0	0.0	0.0	0.0
ti|351627|org|Caldicellulosiruptor_saccharolyticus_DSM_8903	0.0	0.0	0.0	0.0	0.0	1.7240043394760242e-17	0.0	0.0	0.0	0.0
ti|350688|org|Alkaliphilus_oremlandii_OhILAs	0.0	0.0	0.0	0.0	0.0	1.024068358259917e-14	0.0	0.0	0.0	0.0
ti|350054|org|Mycobacterium_gilvum_PYR-GCK	0.0	0.0	0.0	0.0	0.0	1.4275384986049966e-16	0.0	0.0	0.0	0.0
ti|349519|org|Leuconostoc_citreum_KM20	0.0	0.0	0.0	0.0	0.0	1.1154288914243478e-17	0.0	0.0	0.0	0.0
ti|347495|org|Bacillus_cereus_F837/76	0.0	0.0	0.0	0.0	0.0	2.1863876655828272e-11	7.509232601483524e-07	0.14285714285714285	0.0	5.256462821038466e-06
ti|347253|org|Streptococcus_salivarius_JIM8777	0.0	0.0	0.0	0.0	0.0	3.5243237952702526e-05	1.6885343863613648e-05	3.2123015873015874	0.0	0.00013666803334700013
ti|345219|org|Bacillus_coagulans_36D1	0.0	0.0	0.0	0.0	0.0	4.144785301391156e-33	0.0	0.0	0.0	0.0
ti|344609|org|Shigella_boydii_CDC_3083-94	0.0	0.0	0.0	0.0	0.0	5.563585189098903e-06	4.778602564580424e-07	0.09090909090909091	0.0	5.256462821038466e-06
ti|340100|org|Bordetella_petrii_DSM_12804	0.0	0.0	0.0	0.0	0.0	6.405124888880163e-14	1.7521542736794887e-06	0.3333333333333333	0.0	5.256462821038466e-06
ti|339670|org|Burkholderia_ambifaria_AMMD	0.0	0.0	0.0	0.0	0.0	1.0202439204806929e-15	0.0	0.0	0.0	0.0
ti|338969|org|Rhodoferax_ferrireducens_T118	0.0	0.0	0.0	0.0	0.0	2.969490893989217e-17	0.0	0.0	0.0	0.0
ti|338966|org|Pelobacter_propionicus_DSM_2379	0.0	0.0	0.0	0.0	0.0	2.4913317584758625e-17	0.0	0.0	0.0	0.0
ti|338963|org|Pelobacter_carbinolicus_DSM_2380	0.0	0.0	0.0	0.0	0.0	9.47844586178867e-19	0.0	0.0	0.0	0.0
ti|335283|org|Nitrosomonas_eutropha_C91	0.0	0.0	0.0	0.0	0.0	4.64787355357526e-15	0.0	0.0	0.0	0.0
ti|334406|org|Bacillus_cereus_NC7401	0.0	0.0	0.0	0.0	0.0	5.918006837867838e-12	6.570578526298083e-07	0.125	0.0	5.256462821038466e-06
ti|331272|org|Burkholderia_cenocepacia_HI2424	0.0	0.0	0.0	0.0	0.0	1.0911388939481493e-15	0.0	0.0	0.0	0.0
ti|331271|org|Burkholderia_cenocepacia_AU_1054	0.0	0.0	0.0	0.0	0.0	2.7659843233060167e-16	0.0	0.0	0.0	0.0
ti|331112|org|Escherichia_coli_HS	0.0	0.0	0.0	0.0	0.0	3.9828222860893645e-06	4.778602564580424e-07	0.09090909090909091	0.0	5.256462821038466e-06
ti|331111|org|Escherichia_coli_E24377A	0.0	0.0	0.0	0.0	0.0	5.5714568417490155e-06	4.778602564580424e-07	0.09090909090909091	0.0	5.256462821038466e-06
ti|326426|org|Bifidobacterium_breve_UCC2003	0.0	0.0	0.0	0.0	0.0	0.00015244672040740686	2.6130802063561386e-05	4.971176046176045	0.0	0.0002575666782308849
ti|326423|org|Bacillus_amyloliquefaciens_FZB42	0.0	0.0	0.0	0.0	0.0	3.2033388338304363e-10	0.0	0.0	0.0	0.0
ti|325240|org|Shewanella_baltica_OS155	0.0	0.0	0.0	0.0	0.0	1.1434732112997804e-17	0.0	0.0	0.0	0.0
ti|324057|org|Paenibacillus_sp._JDR-2	0.0	0.0	0.0	0.0	0.0	2.3007172808714404e-33	0.0	0.0	0.0	0.0
ti|323848|org|Nitrosospira_multiformis_ATCC_25196	0.0	0.0	0.0	0.0	0.0	5.200464716177417e-14	0.00012352687629440398	23.5	5.256462821038466e-06	0.00012089864488388473
ti|320389|org|Burkholderia_mallei_NCTC_10247	0.0	0.0	0.0	0.0	0.0	1.6328170757647824e-15	0.0	0.0	0.0	0.0
ti|320388|org|Burkholderia_mallei_SAVP1	0.0	0.0	0.0	0.0	0.0	2.2291217979231784e-15	2.628231410519233e-06	0.5	0.0	5.256462821038466e-06
ti|320373|org|Burkholderia_pseudomallei_668	0.0	0.0	0.0	0.0	0.0	5.943758956966941e-16	5.256462821038466e-06	1.0	0.0	5.256462821038466e-06
ti|320372|org|Burkholderia_pseudomallei_1710b	0.0	0.0	0.0	0.0	0.0	7.221994496794905e-16	0.0	0.0	0.0	0.0
ti|319701|org|Streptococcus_pyogenes_MGAS6180	0.0	0.0	0.0	0.0	0.0	3.9294662989810226e-13	0.0	0.0	0.0	0.0
ti|31964|org|Clavibacter_michiganensis_subsp._sepedonicus	0.0	0.0	0.0	0.0	0.0	5.911421450218989e-18	0.0	0.0	0.0	0.0
ti|318167|org|Shewanella_frigidimarina_NCIMB_400	0.0	0.0	0.0	0.0	0.0	9.098572389677725e-19	0.0	0.0	0.0	0.0
ti|312153|org|Polynucleobacter_necessarius_subsp._asymbioticus_QLW-P1DMWA-1	0.0	0.0	0.0	0.0	0.0	1.3069060100546102e-15	0.0	0.0	0.0	0.0
ti|300269|org|Shigella_sonnei_Ss046	0.0	0.0	0.0	0.0	0.0	1.404205916577556e-07	4.778602564580424e-07	0.09090909090909091	0.0	5.256462821038466e-06
ti|300268|org|Shigella_boydii_Sb227	0.0	0.0	0.0	0.0	0.0	1.404205916577556e-07	4.778602564580424e-07	0.09090909090909091	0.0	5.256462821038466e-06
ti|299768|org|Streptococcus_thermophilus_CNRZ1066	0.0	0.0	0.0	0.0	0.0	3.5246020829085406e-05	1.7636267123762e-05	3.3551587301587302	0.0	0.0001419244961680386
ti|296591|org|Polaromonas_sp._JS666	0.0	0.0	0.0	0.0	0.0	1.5845780961131257e-16	0.0	0.0	0.0	0.0
ti|295405|org|Bacteroides_fragilis_YCH46	0.0	0.0	0.0	0.0	0.0	0.010544200938968407	0.012145933425146001	2310.6666666666256	2.1025851284153866e-05	0.039297316050083575
ti|292415|org|Thiobacillus_denitrificans_ATCC_25259	0.0	0.0	0.0	0.0	0.0	2.7867130473667477e-15	5.256462821038466e-06	1.0	0.0	5.256462821038466e-06
ti|290397|org|Anaeromyxobacter_dehalogenans_2CP-C	0.0	0.0	0.0	0.0	0.0	3.2216789774064057e-17	0.0	0.0	0.0	0.0
ti|290340|org|Arthrobacter_aurescens_TC1	0.0	0.0	0.0	0.0	0.0	1.865278499954896e-17	0.0	0.0	0.0	0.0
ti|290339|org|Cronobacter_sakazakii_ATCC_BAA-894	0.0	0.0	0.0	0.0	0.0	2.3831879255009707e-16	0.0	0.0	0.0	0.0
ti|289380|org|Clostridium_perfringens_SM101	0.0	0.0	0.0	0.0	0.0	6.36510713746776e-17	1.7521542736794887e-06	0.3333333333333333	0.0	5.256462821038466e-06
ti|288681|org|Bacillus_cereus_E33L	0.0	0.0	0.0	0.0	0.0	5.918006837867838e-12	6.570578526298083e-07	0.125	0.0	5.256462821038466e-06
ti|282459|org|Staphylococcus_aureus_subsp._aureus_MSSA476	0.0	0.0	0.0	0.0	0.0	1.7044547637214533e-14	0.0	0.0	0.0	0.0
ti|282458|org|Staphylococcus_aureus_subsp._aureus_MRSA252	0.0	0.0	0.0	0.0	0.0	1.7995354713978526e-18	0.0	0.0	0.0	0.0
ti|281309|org|Bacillus_thuringiensis_serovar_konkukian_str._97-27	0.0	0.0	0.0	0.0	0.0	2.1863876655828272e-11	7.509232601483524e-07	0.14285714285714285	0.0	5.256462821038466e-06
ti|281090|org|Leifsonia_xyli_subsp._xyli_str._CTCB07	0.0	0.0	0.0	0.0	0.0	4.241347420124093e-18	0.0	0.0	0.0	0.0
ti|279808|org|Staphylococcus_haemolyticus_JCSC1435	0.0	0.0	0.0	0.0	0.0	8.737015817112198e-13	1.0512925642076933e-05	2.0	0.0	1.0512925642076933e-05
ti|273036|org|Staphylococcus_aureus_RF122	0.0	0.0	0.0	0.0	0.0	8.834412338504963e-15	0.0	0.0	0.0	0.0
ti|272831|org|Neisseria_meningitidis_FAM18	0.0	0.0	0.0	0.0	0.0	1.8402023724185195e-15	1.8981671298194463e-06	0.3611111111111111	0.0	1.0512925642076933e-05
ti|272623|org|Lactococcus_lactis_subsp._lactis_Il1403	0.0	0.0	0.0	0.0	0.0	5.764390803473605e-33	0.0	0.0	0.0	0.0
ti|272622|org|Lactococcus_lactis_subsp._cremoris_SK11	0.0	0.0	0.0	0.0	0.0	4.7507602650276983e-14	0.0	0.0	0.0	0.0
ti|272560|org|Burkholderia_pseudomallei_K96243	0.0	0.0	0.0	0.0	0.0	1.0001124195740786e-15	0.0	0.0	0.0	0.0
ti|272558|org|Bacillus_halodurans_C-125	0.0	0.0	0.0	0.0	0.0	5.591971184103995e-34	0.0	0.0	0.0	0.0
ti|271848|org|Burkholderia_thailandensis_E264	0.0	0.0	0.0	0.0	0.0	5.739358500459451e-16	0.0	0.0	0.0	0.0
ti|269799|org|Geobacter_metallireducens_GS-15	0.0	0.0	0.0	0.0	0.0	2.3485481299666e-33	0.0	0.0	0.0	0.0
ti|269483|org|Burkholderia_sp._383	0.0	0.0	0.0	0.0	0.0	2.8752698044427636e-15	0.0	0.0	0.0	0.0
ti|269482|org|Burkholderia_vietnamiensis_G4	0.0	0.0	0.0	0.0	0.0	2.478706242012214e-16	0.0	0.0	0.0	0.0
ti|266265|org|Burkholderia_xenovorans_LB400	0.0	0.0	0.0	0.0	0.0	2.9759228258391665e-14	1.5769388463115402e-05	3.0	1.0512925642076933e-05	5.256462821038466e-06
ti|264732|org|Moorella_thermoacetica_ATCC_39073	0.0	0.0	0.0	0.0	0.0	1.3185938254640556e-15	0.0	0.0	0.0	0.0
ti|264731|org|Prevotella_ruminicola_23	0.0	0.0	0.0	0.0	0.0	3.821990957263767e-16	0.0	0.0	0.0	0.0
ti|264199|org|Streptococcus_thermophilus_LMG_18311	0.0	0.0	0.0	0.0	0.0	3.5400167400449425e-05	1.776142100045339e-05	3.378968253968254	0.0	0.0001419244961680386
ti|261594|org|Bacillus_anthracis_str._Ames_Ancestor	0.0	0.0	0.0	0.0	0.0	4.29726143540549e-11	0.0	0.0	0.0	0.0
ti|260799|org|Bacillus_anthracis_str._Sterne	0.0	0.0	0.0	0.0	0.0	5.733727498796658e-11	0.0	0.0	0.0	0.0
ti|243365|org|Chromobacterium_violaceum_ATCC_12472	0.0	0.0	0.0	0.0	0.0	2.907376224306897e-15	0.0	0.0	0.0	0.0
ti|243160|org|Burkholderia_mallei_ATCC_23344	0.0	0.0	0.0	0.0	0.0	7.252566646360105e-16	0.0	0.0	0.0	0.0
ti|242231|org|Neisseria_gonorrhoeae_FA_1090	0.0	0.0	0.0	0.0	0.0	2.706210914430004e-15	0.0	0.0	0.0	0.0
ti|235909|org|Geobacillus_kaustophilus_HTA426	0.0	0.0	0.0	0.0	0.0	2.1098423405330455e-12	0.0	0.0	0.0	0.0
ti|232721|org|Acidovorax_sp._JS42	0.0	0.0	0.0	0.0	0.0	4.746577285088863e-17	0.0	0.0	0.0	0.0
ti|228410|org|Nitrosomonas_europaea_ATCC_19718	0.0	0.0	0.0	0.0	0.0	1.1056697432622165e-14	5.256462821038466e-06	1.0	0.0	5.256462821038466e-06
ti|222523|org|Bacillus_cereus_ATCC_10987	0.0	0.0	0.0	0.0	0.0	7.293154011749887e-34	0.0	0.0	0.0	0.0
ti|221109|org|Oceanobacillus_iheyensis_HTE831	0.0	0.0	0.0	0.0	0.0	1.420694361506245e-17	0.0	0.0	0.0	0.0
ti|218495|org|Streptococcus_uberis_0140J	0.0	0.0	0.0	0.0	0.0	8.510596345665345e-07	1.241109277189638e-06	0.2361111111111111	0.0	1.0512925642076933e-05
ti|218494|org|Streptococcus_suis_P1/7	0.0	0.0	0.0	0.0	0.0	6.735637413020605e-10	0.0	0.0	0.0	0.0
ti|216599|org|Shigella_sonnei_53G	0.0	0.0	0.0	0.0	0.0	7.48240400994063e-07	4.778602564580424e-07	0.09090909090909091	0.0	5.256462821038466e-06
ti|216592|org|Escherichia_coli_042	0.0	0.0	0.0	0.0	0.0	5.811038596329314e-06	0.0	0.0	0.0	0.0
ti|216591|org|Burkholderia_cenocepacia_J2315	0.0	0.0	0.0	0.0	0.0	8.716130536161234e-16	0.0	0.0	0.0	0.0
ti|215689|org|Erwinia_sp._Ejp617	0.0	0.0	0.0	0.0	0.0	5.054620796276221e-15	0.0	0.0	0.0	0.0
ti|212717|org|Clostridium_tetani_E88	0.0	0.0	0.0	0.0	0.0	2.305044487343094e-18	0.0	0.0	0.0	0.0
ti|211110|org|Streptococcus_agalactiae_NEM316	0.0	0.0	0.0	0.0	0.0	1.005278468657782e-17	0.0	0.0	0.0	0.0
ti|210007|org|Streptococcus_mutans_UA159	0.0	0.0	0.0	0.0	0.0	5.246728522268523e-15	0.0	0.0	0.0	0.0
ti|208596|org|Carnobacterium_sp._17-4	0.0	0.0	0.0	0.0	0.0	4.189840549895169e-34	0.0	0.0	0.0	0.0
ti|206672|org|Bifidobacterium_longum_NCC2705	0.0	0.0	0.0	0.0	0.0	0.000144901158381992	5.569878468607452e-05	10.596248196248188	0.0	0.0004941075051776159
ti|205921|org|Streptococcus_agalactiae_A909	0.0	0.0	0.0	0.0	0.0	1.005278468657782e-17	0.0	0.0	0.0	0.0
ti|205913|org|Bifidobacterium_longum_DJO10A	0.0	0.0	0.0	0.0	0.0	0.00015228111210643204	5.3331290518662385e-05	10.14585137085137	0.0	0.00046782519107242356
ti|204773|org|Herminiimonas_arsenicoxydans	0.0	0.0	0.0	0.0	0.0	3.160241430889724e-15	5.256462821038466e-06	1.0	0.0	5.256462821038466e-06
ti|203120|org|Leuconostoc_mesenteroides_subsp._mesenteroides_ATCC_8293	0.0	0.0	0.0	0.0	0.0	3.48238465423202e-18	0.0	0.0	0.0	0.0
ti|198466|org|Streptococcus_pyogenes_MGAS315	0.0	0.0	0.0	0.0	0.0	1.6833387238528256e-11	0.0	0.0	0.0	0.0
ti|198094|org|Bacillus_anthracis_str._Ames	0.0	0.0	0.0	0.0	0.0	1.115530943202823e-11	0.0	0.0	0.0	0.0
ti|195102|org|Clostridium_perfringens_str._13	0.0	0.0	0.0	0.0	0.0	2.277277915391686e-16	1.7521542736794887e-06	0.3333333333333333	0.0	5.256462821038466e-06
ti|193567|org|Streptococcus_pyogenes_SSI-1	0.0	0.0	0.0	0.0	0.0	1.874130531053977e-14	0.0	0.0	0.0	0.0
ti|189423|org|Streptococcus_pneumoniae_670-6B	0.0	0.0	0.0	0.0	0.0	1.8386926738859286e-06	5.850301920570315e-06	1.1129731379731378	0.0	5.2564628210384666e-05
ti|176299|org|Agrobacterium_fabrum_str._C58	0.0	0.0	0.0	0.0	0.0	3.388851174043168e-33	0.0	0.0	0.0	0.0
ti|176280|org|Staphylococcus_epidermidis_ATCC_12228	0.0	0.0	0.0	0.0	0.0	1.7044547637214533e-14	0.0	0.0	0.0	0.0
ti|176279|org|Staphylococcus_epidermidis_RP62A	0.0	0.0	0.0	0.0	0.0	2.359352128135329e-14	0.0	0.0	0.0	0.0
ti|171101|org|Streptococcus_pneumoniae_R6	0.0	0.0	0.0	0.0	0.0	2.359264784327026e-06	6.032416856525098e-06	1.1476190476190478	0.0	5.2564628210384666e-05
ti|169963|org|Listeria_monocytogenes_EGD-e	0.0	0.0	0.0	0.0	0.0	1.1608569071378444e-33	0.0	0.0	0.0	0.0
ti|160490|org|Streptococcus_pyogenes_M1_GAS	0.0	0.0	0.0	0.0	0.0	1.9014789607559814e-10	0.0	0.0	0.0	0.0
ti|159087|org|Dechloromonas_aromatica_RCB	0.0	0.0	0.0	0.0	0.0	7.514064338969454e-16	0.0	0.0	0.0	0.0
ti|155864|org|Escherichia_coli_O157:H7_str._EDL933	0.0	0.0	0.0	0.0	0.0	2.293650013843439e-06	0.0	0.0	0.0	0.0
ti|1322246|org|Desulfovibrio_piezophilus_C1TLV30	0.0	0.0	0.0	0.0	0.0	1.6752838044833793e-13	0.0	0.0	0.0	0.0
ti|1305598|org|Staphylococcus_aureus_M1	0.0	0.0	0.0	0.0	0.0	1.7995354713978526e-18	0.0	0.0	0.0	0.0
ti|1286404|org|Bacillus_thuringiensis_serovar_thuringiensis_str._IS5056	0.0	0.0	0.0	0.0	0.0	5.918008087461365e-12	6.570578526298083e-07	0.125	0.0	5.256462821038466e-06
ti|1279365|org|Bacillus_thuringiensis_serovar_kurstaki_str._HD73	0.0	0.0	0.0	0.0	0.0	1.2157544683338763e-11	1.4079811127781607e-06	0.26785714285714285	0.0	1.0512925642076933e-05
ti|1274814|org|Escherichia_coli_APEC_O78	0.0	0.0	0.0	0.0	0.0	2.314522850227901e-06	4.778602564580424e-07	0.09090909090909091	0.0	5.256462821038466e-06
ti|1267577|org|Candidatus_Kinetoplastibacterium_crithidii_(ex_Angomonas_deanei	0.0	0.0	0.0	0.0	0.0	3.453922872517602e-16	0.0	0.0	0.0	0.0
ti|1261557|org|Enterococcus_faecalis_str._Symbioflor_1	0.0	0.0	0.0	0.0	0.0	1.748516995307784e-07	2.628231410519233e-06	0.5	0.0	5.256462821038466e-06
ti|1254439|org|Bifidobacterium_thermophilum_RBL67	0.0	0.0	0.0	0.0	0.0	7.3782186268561335e-09	1.4335807693741272e-06	0.2727272727272727	0.0	1.5769388463115402e-05
ti|1246365|org|Streptococcus_suis_SC070731	0.0	0.0	0.0	0.0	0.0	1.0121863834908485e-08	0.0	0.0	0.0	0.0
ti|1235829|org|Streptococcus_pyogenes_A20	0.0	0.0	0.0	0.0	0.0	9.798120641413983e-12	0.0	0.0	0.0	0.0
ti|1234378|org|Lawsonia_intracellularis_N343	0.0	0.0	0.0	0.0	0.0	1.1976326448447571e-12	0.0	0.0	0.0	0.0
ti|1233873|org|Geobacillus_sp._GHH01	0.0	0.0	0.0	0.0	0.0	6.174115320873404e-16	0.0	0.0	0.0	0.0
ti|1229785|org|Burkholderia_pseudomallei_BPC006	0.0	0.0	0.0	0.0	0.0	8.054655286688728e-16	0.0	0.0	0.0	0.0
ti|1229758|org|Leuconostoc_carnosum_JB16	0.0	0.0	0.0	0.0	0.0	4.0977107146748924e-17	5.256462821038466e-06	1.0	0.0	5.256462821038466e-06
ti|1229756|org|Leuconostoc_gelidum_JB7	0.0	0.0	0.0	0.0	0.0	3.976966844646128e-18	0.0	0.0	0.0	0.0
ti|1229492|org|Staphylococcus_aureus_08BA02176	0.0	0.0	0.0	0.0	0.0	1.7995354713978526e-18	0.0	0.0	0.0	0.0
ti|122587|org|Neisseria_meningitidis_Z2491	0.0	0.0	0.0	0.0	0.0	7.22222071473593e-15	3.6503214034989353e-06	0.6944444444444444	0.0	1.5769388463115402e-05
ti|122586|org|Neisseria_meningitidis_MC58	0.0	0.0	0.0	0.0	0.0	2.354108777662469e-15	5.840514245598296e-07	0.1111111111111111	0.0	5.256462821038466e-06
ti|1220533|org|Bacillus_subtilis_QB928	0.0	0.0	0.0	0.0	0.0	3.2033388338304363e-10	0.0	0.0	0.0	0.0
ti|1218175|org|Bacillus_thuringiensis_HD-771	0.0	0.0	0.0	0.0	0.0	8.686123902450792e-11	2.158904372926513e-06	0.4107142857142857	0.0	1.5769388463115402e-05
ti|1217737|org|Bacillus_thuringiensis_HD-789	0.0	0.0	0.0	0.0	0.0	1.862891137786758e-11	1.5018465202967048e-06	0.2857142857142857	0.0	1.0512925642076933e-05
ti|1208922|org|Candidatus_Kinetoplastibacterium_blastocrithidii_TCC012E	0.0	0.0	0.0	0.0	0.0	4.169485010565734e-14	2.628231410519233e-06	0.5	0.0	5.256462821038466e-06
ti|1208921|org|Candidatus_Kinetoplastibacterium_galatii_TCC219	0.0	0.0	0.0	0.0	0.0	3.354562800212859e-15	0.0	0.0	0.0	0.0
ti|1208919|org|Candidatus_Kinetoplastibacterium_desouzaii_TCC079E	0.0	0.0	0.0	0.0	0.0	1.0627553587522874e-16	0.0	0.0	0.0	0.0
ti|1208918|org|Candidatus_Kinetoplastibacterium_crithidii_TCC036E	0.0	0.0	0.0	0.0	0.0	4.2506553055824737e-16	0.0	0.0	0.0	0.0
ti|1208658|org|Bordetella_bronchiseptica_MO149	0.0	0.0	0.0	0.0	0.0	1.671907605318216e-13	0.00011371481236179875	21.63333333333332	0.0	0.00035743947183061573
ti|1203670|org|Streptococcus_agalactiae_GD201008-001	0.0	0.0	0.0	0.0	0.0	2.151616963315924e-10	0.0	0.0	0.0	0.0
ti|1198676|org|Streptococcus_mutans_GS-5	0.0	0.0	0.0	0.0	0.0	3.5250366984596656e-14	0.0	0.0	0.0	0.0
ti|1195464|org|Bacillus_thuringiensis_MC28	0.0	0.0	0.0	0.0	0.0	5.918006837867838e-12	6.570578526298083e-07	0.125	0.0	5.256462821038466e-06
ti|1192196|org|Bacillus_subtilis_subsp._subtilis_str._BSP1	0.0	0.0	0.0	0.0	0.0	1.7001199954787827e-11	0.0	0.0	0.0	0.0
ti|1184252|org|Streptococcus_suis_S735	0.0	0.0	0.0	0.0	0.0	1.9836488203826e-08	0.0	0.0	0.0	0.0
ti|1168290|org|Bifidobacterium_animalis_subsp._lactis_B420	0.0	0.0	0.0	0.0	0.0	9.006995028974522e-08	2.893709330773702e-06	0.5505050505050506	0.0	2.6282314105192333e-05
ti|1155777|org|Bacillus_amyloliquefaciens_subsp._plantarum_YAU_B9601-Y2	0.0	0.0	0.0	0.0	0.0	6.482708658157341e-16	0.0	0.0	0.0	0.0
ti|1155071|org|Streptococcus_mutans_LJ23	0.0	0.0	0.0	0.0	0.0	5.209679504924482e-13	0.0	0.0	0.0	0.0
ti|1147128|org|Bifidobacterium_asteroides_PRL2011	0.0	0.0	0.0	0.0	0.0	8.167971758097257e-07	0.0	0.0	0.0	0.0
ti|1144275|org|Corallococcus_coralloides_DSM_2259	0.0	0.0	0.0	0.0	0.0	6.224368156339494e-17	0.0	0.0	0.0	0.0
ti|1134782|org|Escherichia_coli_O104:H4_str._2009EL-2050	0.0	0.0	0.0	0.0	0.0	6.142678910495067e-06	4.778602564580424e-07	0.09090909090909091	0.0	5.256462821038466e-06
ti|1133853|org|Escherichia_coli_O104:H4_str._2009EL-2071	0.0	0.0	0.0	0.0	0.0	6.115980191550747e-06	4.778602564580424e-07	0.09090909090909091	0.0	5.256462821038466e-06
ti|1133852|org|Escherichia_coli_O104:H4_str._2011C-3493	0.0	0.0	0.0	0.0	0.0	6.115980191550747e-06	4.778602564580424e-07	0.09090909090909091	0.0	5.256462821038466e-06
ti|1130804|org|Streptococcus_pneumoniae_ST556	0.0	0.0	0.0	0.0	0.0	3.4442429630491043e-06	2.628231410519233e-06	0.5	0.0	2.1025851284153866e-05
ti|1127744|org|Bacillus_sp._JS	0.0	0.0	0.0	0.0	0.0	3.2033388338304363e-10	0.0	0.0	0.0	0.0
ti|1124991|org|Morganella_morganii_subsp._morganii_KT	0.0	0.0	0.0	0.0	0.0	8.967534630684331e-18	0.0	0.0	0.0	0.0
ti|1123863|org|Pantoea_ananatis_LMG_5342	0.0	0.0	0.0	0.0	0.0	1.9113002642123266e-17	0.0	0.0	0.0	0.0
ti|1121451|org|Desulfovibrio_hydrothermalis_AM13_=_DSM_14728	0.0	0.0	0.0	0.0	0.0	3.218138281878838e-13	1.0512925642076933e-05	2.0	0.0	1.0512925642076933e-05
ti|1118963|org|Arthrobacter_sp._Rue61a	0.0	0.0	0.0	0.0	0.0	1.865278499954896e-17	0.0	0.0	0.0	0.0
ti|1118959|org|Staphylococcus_aureus_subsp._aureus_M013	0.0	0.0	0.0	0.0	0.0	5.336081735571797e-14	0.0	0.0	0.0	0.0
ti|1114958|org|Bacillus_amyloliquefaciens_subsp._plantarum_CAU_B946	0.0	0.0	0.0	0.0	0.0	1.0912714549029992e-10	0.0	0.0	0.0	0.0
ti|1111068|org|Geobacillus_thermoleovorans_CCB_US3_UF5	0.0	0.0	0.0	0.0	0.0	2.2486943784930047e-11	0.0	0.0	0.0	0.0
ti|1107880|org|Leuconostoc_mesenteroides_subsp._mesenteroides_J18	0.0	0.0	0.0	0.0	0.0	1.5804917351768769e-16	0.0	0.0	0.0	0.0
ti|1104322|org|Lactococcus_lactis_subsp._cremoris_A76	0.0	0.0	0.0	0.0	0.0	9.467460347950173e-15	0.0	0.0	0.0	0.0
ti|1097668|org|Burkholderia_sp._YI23	0.0	0.0	0.0	0.0	0.0	3.6096120410912087e-16	0.0	0.0	0.0	0.0
ti|1075106|org|Bifidobacterium_animalis_subsp._lactis_BLC1	0.0	0.0	0.0	0.0	0.0	9.325634683776712e-08	3.644632590922054e-06	0.6933621933621934	0.0	3.1538776926230804e-05
ti|1074919|org|Staphylococcus_aureus_subsp._aureus_ST228	0.0	0.0	0.0	0.0	0.0	2.167336580990522e-13	0.0	0.0	0.0	0.0
ti|1074252|org|Staphylococcus_aureus_subsp._aureus_HO_5096_0412	0.0	0.0	0.0	0.0	0.0	1.3353846563029077e-18	0.0	0.0	0.0	0.0
ti|1072459|org|Escherichia_coli_O7:K1_str._CE10	0.0	0.0	0.0	0.0	0.0	3.90146818705288e-06	0.0	0.0	0.0	0.0
ti|1069533|org|Streptococcus_infantarius_subsp._infantarius_CJ18	0.0	0.0	0.0	0.0	0.0	3.239465590353418e-10	0.0	0.0	0.0	0.0
ti|1054460|org|Streptococcus_pseudopneumoniae_IS7493	0.0	0.0	0.0	0.0	0.0	3.7166246904673435e-07	0.0	0.0	0.0	0.0
ti|1051072|org|Streptococcus_equi_subsp._zooepidemicus_ATCC_35246	0.0	0.0	0.0	0.0	0.0	3.673212485735284e-08	0.0	0.0	0.0	0.0
ti|1048689|org|Escherichia_coli_O55:H7_str._RM12579	0.0	0.0	0.0	0.0	0.0	5.9230009675620645e-08	0.0	0.0	0.0	0.0
ti|1048332|org|Streptococcus_salivarius_CCHSS3	0.0	0.0	0.0	0.0	0.0	3.5402434005447795e-05	1.7855286407971935e-05	3.3968253968253967	0.0	0.0001419244961680386
ti|1046629|org|Streptococcus_salivarius_57.I	0.0	0.0	0.0	0.0	0.0	2.728503273269996e-05	1.8512344260601744e-05	3.521825396825397	0.0	0.0001419244961680386
ti|1046624|org|Lactococcus_lactis_subsp._lactis_IO-1	0.0	0.0	0.0	0.0	0.0	5.144361926562436e-12	0.0	0.0	0.0	0.0
ti|1045854|org|Weissella_koreensis_KACC_15510	0.0	0.0	0.0	0.0	0.0	2.463377911647181e-17	0.0	0.0	0.0	0.0
ti|1042403|org|Bifidobacterium_animalis_subsp._lactis_CNCM_I-2494	0.0	0.0	0.0	0.0	0.0	2.1132225185808617e-07	2.768555454082309e-06	0.5266955266955267	0.0	2.6282314105192333e-05
ti|1036672|org|Advenella_kashmirensis_WT001	0.0	0.0	0.0	0.0	0.0	6.317573625254315e-15	0.0	0.0	0.0	0.0
ti|1035817|org|Bifidobacterium_longum_subsp._longum_KACC_91563	0.0	0.0	0.0	0.0	0.0	0.00015037060866468	4.690653522141835e-05	8.92359307359307	0.0	0.00041526056286203886
ti|1034836|org|Bacillus_amyloliquefaciens_XH7	0.0	0.0	0.0	0.0	0.0	6.043078169098451e-17	0.0	0.0	0.0	0.0
ti|1034809|org|Staphylococcus_lugdunensis_N920143	0.0	0.0	0.0	0.0	0.0	1.3353846563029077e-18	0.0	0.0	0.0	0.0
ti|1031711|org|Ralstonia_solanacearum_Po82	0.0	0.0	0.0	0.0	0.0	1.278886758475127e-13	4.993639679986544e-05	9.5	3.679523974726927e-05	1.5769388463115402e-05
ti|1017264|org|Bordetella_pertussis_CS	0.0	0.0	0.0	0.0	0.0	6.343385832872348e-14	1.357919562101604e-05	2.5833333333333335	0.0	3.679523974726927e-05
ti|1010840|org|Streptococcus_pyogenes_MGAS1882	0.0	0.0	0.0	0.0	0.0	5.376656389225918e-11	0.0	0.0	0.0	0.0
ti|1009846|org|Burkholderia_cepacia_GG4	0.0	0.0	0.0	0.0	0.0	4.256127346428025e-17	0.0	0.0	0.0	0.0
ti|1009464|org|Gardnerella_vaginalis_HMP9231	0.0	0.0	0.0	0.0	0.0	7.086621642654311e-11	2.628231410519233e-06	0.5	0.0	5.256462821038466e-06
ti|1008459|org|Taylorella_asinigenitalis_MCE3	0.0	0.0	0.0	0.0	0.0	2.3476220172216478e-17	0.0	0.0	0.0	0.0
ti|1007105|org|Pusillimonas_sp._T7-7	0.0	0.0	0.0	0.0	0.0	1.2620940400363768e-16	0.0	0.0	0.0	0.0
ti|1007064|org|Streptococcus_suis_ST3	0.0	0.0	0.0	0.0	0.0	3.4803827880343835e-14	1.3141157052596166e-06	0.25	0.0	5.256462821038466e-06
ti|1006543|org|Staphylococcus_aureus_subsp._aureus_T0131	0.0	0.0	0.0	0.0	0.0	4.063673353391152e-14	0.0	0.0	0.0	0.0
ti|1006007|org|Bacillus_megaterium_WSH-002	0.0	0.0	0.0	0.0	0.0	5.800846362787698e-15	0.0	0.0	0.0	0.0
ti|1005042|org|Streptococcus_suis_D9	0.0	0.0	0.0	0.0	0.0	2.001853069658446e-08	0.0	0.0	0.0	0.0
ti|1005041|org|Streptococcus_suis_SS12	0.0	0.0	0.0	0.0	0.0	1.2673682619382557e-10	0.0	0.0	0.0	0.0
ti|1004952|org|Streptococcus_suis_D12	0.0	0.0	0.0	0.0	0.0	7.678104457990892e-10	0.0	0.0	0.0	0.0
ti|1004951|org|Streptococcus_suis_ST1	0.0	0.0	0.0	0.0	0.0	6.82627279261601e-13	0.0	0.0	0.0	0.0
ti|1001582|org|Bacillus_amyloliquefaciens_LL3	0.0	0.0	0.0	0.0	0.0	1.0912714549029992e-10	0.0	0.0	0.0	0.0
