Total Number of Aligned Reads:	150144	Total Number of Mapped Genomes:	604
Genome	Final Guess	Final Best Hit	Final Best Hit Read Numbers	Final High Confidence Hits	Final Low Confidence Hits	Initial Guess	Initial Best Hit	Initial Best Hit Read Numbers	Initial High Confidence Hits	Initial Low Confidence Hits
ti|435590|org|Bacteroides_vulgatus_ATCC_8482	0.8156288273476777	0.5182757885763001	77816.0	0.5182558077578857	1.9980818414322252e-05	0.8155912435089657	0.395550493748224	59389.53333333334	0.3922234654731458	0.0038696184995737426
ti|657318|org|Eubacterium_rectale_DSM_17629	0.04800194264900431	0.08819533248081841	13242.0	0.08701646419437341	0.0011788682864450127	0.01181959183003686	0.012829128481101631	1926.2166666665232	0.0001665068201193521	0.03791027280477408
ti|272559|org|Bacteroides_fragilis_NCTC_9343	0.035912731038599315	0.060015718243819266	9011.0	0.060009057971014496	6.6602728047740835e-06	0.011967841747498561	0.01688567863739714	2535.283333333356	0.0007392902813299233	0.04832693947144075
ti|657322|org|Faecalibacterium_prausnitzii_SL3/3	0.034784696351137845	0.10379369138959932	15584.0	0.103773710571185	1.9980818414322252e-05	0.034784693306314035	0.09858868819266838	14802.5	0.09837888959931798	0.00022644927536231884
ti|245018|org|butyrate-producing_bacterium_SSC/2	0.024759222057423338	0.019121643222506392	2871.0	0.0190683610400682	5.328218243819267e-05	0.024759088967460197	0.016332653985507248	2452.25	0.016044597186700767	0.0003130328218243819
ti|679935|org|Alistipes_finegoldii_DSM_17242	0.019385399551979494	0.019208226768968457	2884.0	0.019208226768968457	0.0	0.018871701902398248	0.019281489769820973	2895.0	0.0192748294970162	6.6602728047740835e-06
ti|657323|org|Ruminococcus_sp._SR1/5	0.013072755437277895	0.06658940750213128	9998.0	0.06555706521739131	0.001032342284739983	0.012663474333945872	0.014870724104859335	2232.75	0.012254901960784314	0.002863917306052856
ti|717962|org|Coprococcus_catus_GD/7	0.002547294411741306	0.0019714407502131287	296.0	0.0019447996589940324	2.6641091219096334e-05	0.002547277061687252	0.001668398337595908	250.5	0.0015651641091219096	0.00012654518329070758
ti|322159|org|Streptococcus_thermophilus_LMD-9	0.0023504378777519843	0.003103687127024723	466.0	0.003103687127024723	0.0	0.0002896407421441461	0.00036939934488288155	55.46309523809537	1.3320545609548167e-05	0.002717391304347826
ti|657314|org|Ruminococcus_obeum_A2-162	0.0013453517698380382	0.003716432225063939	558.0	0.0036964514066496162	1.9980818414322252e-05	0.0016946450293528817	0.03341292359335038	5016.749999999999	0.031183397271952257	0.002304454390451833
ti|657313|org|Ruminococcus_torques_L2-14	0.0008052856104882616	0.0035565856777493607	534.0	0.0035432651321398124	1.3320545609548167e-05	0.0008801652561437977	0.014661924552429664	2201.3999999999996	0.010589833759590793	0.0043291773231031545
ti|245012|org|butyrate-producing_bacterium_SM4/1	0.0004161547267952236	0.029305200341005967	4400.0	0.02922527706734868	7.992327365728901e-05	0.00022177094822575566	0.015410095197499285	2313.7333333333327	0.0010589833759590793	0.02957161125319693
ti|367928|org|Bifidobacterium_adolescentis_ATCC_15703	0.0002690643517279315	0.00021978900255754474	33.0	0.00021978900255754474	0.0	7.238847587891966e-05	0.00015808392966321354	23.735353535353536	6.6602728047740835e-06	0.00019314791133844843
ti|435591|org|Parabacteroides_distasonis_ATCC_8503	0.0002501526421522186	0.021878996163682864	3285.0	0.02187233589087809	6.6602728047740835e-06	0.00025030551522082925	0.0458476529198636	6883.75	0.04538975916453538	0.0005394820971867007
ti|479436|org|Veillonella_parvula_DSM_2008	0.00016674661788282797	0.00908461210571185	1364.0	0.00908461210571185	0.0	0.00016674652971872443	0.006493765984654731	975.0	0.006567028985507246	1.9980818414322252e-05
ti|552531|org|Bifidobacterium_animalis_subsp._lactis_BB-12	0.0001411899635590487	0.00021978900255754474	33.0	0.00021978900255754474	0.0	2.0364886678642754e-05	3.335710656682523e-05	5.008369408369407	0.0	0.0001998081841432225
ti|353496|org|Lactobacillus_delbrueckii_subsp._bulgaricus_2038	4.6665977163013836e-05	1.3320545609548167e-05	2.0	1.3320545609548167e-05	0.0	1.374441564568404e-05	4.440181869849389e-06	0.6666666666666666	0.0	1.3320545609548167e-05
ti|213810|org|Ruminococcus_champanellensis_18P13	2.4032174306165286e-05	0.004768755328218244	716.0	0.00476209505541347	6.6602728047740835e-06	2.3354271767335985e-05	0.004548966325660699	683.0	0.0042758951406649615	0.0002930520034100597
ti|331112|org|Escherichia_coli_HS	1.7284980154790216e-05	1.3320545609548167e-05	2.0	1.3320545609548167e-05	0.0	1.1814356106685204e-06	1.1178080231788672e-06	0.16783216783216784	0.0	1.3320545609548167e-05
ti|657308|org|Gordonibacter_pamelaeae_7-10-1-b	1.659314949001136e-05	0.00021978900255754474	33.0	0.00021978900255754474	0.0	1.6593082386066555e-05	3.9961636828644505e-05	6.0	3.9961636828644505e-05	0.0
ti|442563|org|Bifidobacterium_animalis_subsp._lactis_AD011	1.4925928283891285e-05	0.00012654518329070758	19.0	0.00012654518329070758	0.0	1.9397690353870472e-05	5.699314612757706e-05	8.55717893217893	6.6602728047740835e-06	0.00025309036658141516
ti|929102|org|Lactococcus_lactis_subsp._lactis_CV56	1.0159195115153093e-05	1.9980818414322252e-05	3.0	1.9980818414322252e-05	0.0	1.1288055034640494e-06	2.4050985128350857e-06	0.3611111111111111	0.0	1.9980818414322252e-05
ti|927666|org|Streptococcus_oralis_Uo5	9.950941434088651e-06	0.00013986572890025575	21.0	0.00013986572890025575	0.0	1.8507341048017393e-06	6.660272804774084e-05	10.0	0.0	0.00010656436487638534
ti|479437|org|Eggerthella_lenta_DSM_2243	9.45248158772966e-06	0.001192188832054561	179.0	0.001192188832054561	0.0	9.452481712995245e-06	0.0009590792838874681	144.0	0.0009324381926683717	2.6641091219096334e-05
ti|1187956|org|Streptococcus_thermophilus_MN-ZLW-002	5.1141632934210175e-06	8.658354646206308e-05	13.0	8.658354646206308e-05	0.0	0.0002891906785408447	0.0003618510357041375	54.32976190476202	0.0	0.0027506926683716964
ti|388919|org|Streptococcus_sanguinis_SK36	4.081350909676593e-06	5.328218243819267e-05	8.0	5.328218243819267e-05	0.0	1.931896078868271e-06	1.3320545609548167e-05	2.0	1.3320545609548167e-05	0.0
ti|699037|org|Clostridium_difficile_M68	9.491984889945912e-07	0.000792572463768116	119.0	0.000792572463768116	0.0	1.3539048834597693e-07	0.00015600631859023794	23.423412698412687	2.6641091219096334e-05	0.0006194053708439898
ti|365659|org|Streptococcus_mitis_B6	8.548974755382307e-07	2.6641091219096334e-05	4.0	2.6641091219096334e-05	0.0	1.5652803152091902e-06	6.660272804774084e-05	10.0	0.0	0.00010656436487638534
ti|693746|org|Oscillibacter_valericigenes_Sjm18-20	7.666688610045244e-07	0.007799179454390452	1171.0	0.007799179454390452	0.0	8.210395418502391e-07	0.012633427465188973	1896.8333333333333	0.012328164961636828	0.0003130328218243819
ti|515620|org|Eubacterium_eligens_ATCC_27750	5.625042070901537e-07	0.0017782928388746803	267.0	0.0017782928388746803	0.0	5.646550913399032e-07	0.0021046462063086103	316.0	0.0020513640238704178	5.328218243819267e-05
ti|595496|org|Escherichia_coli_BW2952	4.58363193300099e-07	1.3320545609548167e-05	2.0	1.3320545609548167e-05	0.0	1.0676687702033694e-06	3.176437799199948e-06	0.47692307692307695	0.0	1.9980818414322252e-05
ti|190304|org|Fusobacterium_nucleatum_subsp._nucleatum_ATCC_25586	3.6724484780842456e-07	6.6602728047740835e-06	1.0	6.6602728047740835e-06	0.0	3.6724478220088914e-07	6.6602728047740835e-06	1.0	6.6602728047740835e-06	0.0
ti|357809|org|Clostridium_phytofermentans_ISDg	2.2385091717682665e-07	0.005028505967604433	755.0	0.005028505967604433	0.0	3.519549172347678e-07	0.007389794685990338	1109.5333333333333	0.006460464620630861	0.0009857203751065643
ti|488223|org|Streptococcus_pneumoniae_P1031	1.1933713855867588e-07	6.6602728047740835e-06	1.0	6.6602728047740835e-06	0.0	6.900327560353695e-07	8.325341005967604e-07	0.125	0.0	6.6602728047740835e-06
ti|717959|org|Alistipes_shahii_WAL_8301	5.039838168544868e-08	0.0002064684569479966	31.0	0.0002064684569479966	0.0	0.0005137480467712971	0.00021312872975277067	32.0	0.00021312872975277067	0.0
ti|610130|org|Clostridium_saccharolyticum_WM1	3.334781665000948e-08	0.002317774936061381	348.0	0.002317774936061381	0.0	1.4760484005159584e-05	0.0326564276072748	4903.166666666668	0.024656329923273657	0.008764919011082693
ti|1206105|org|Enterococcus_faecalis_D32	2.9370053432274763e-08	1.9980818414322252e-05	3.0	1.3320545609548167e-05	6.6602728047740835e-06	1.207507349278449e-08	4.162670502983802e-06	0.625	0.0	1.3320545609548167e-05
ti|226185|org|Enterococcus_faecalis_V583	2.5904647073339202e-08	6.6602728047740835e-06	1.0	6.6602728047740835e-06	0.0	3.114653318414345e-08	7.492806905370844e-06	1.125	6.6602728047740835e-06	6.6602728047740835e-06
ti|1051074|org|Streptococcus_thermophilus_JIM_8232	1.6886734901836735e-08	4.662190963341858e-05	7.0	4.662190963341858e-05	0.0	0.00028726814024380954	0.00034556508291722554	51.88452380952391	0.0	0.0026441283034953113
ti|768486|org|Enterococcus_hirae_ATCC_9790	1.3276248562078521e-08	6.6602728047740835e-06	1.0	6.6602728047740835e-06	0.0	1.4062304574683434e-08	1.4153079710144928e-05	2.125	1.3320545609548167e-05	6.6602728047740835e-06
ti|657315|org|Roseburia_intestinalis_M50/1	7.773539272496244e-09	0.0005661231884057971	85.0	0.0005661231884057971	0.0	0.005303596024679206	0.011285832267689694	1694.5000000000014	0.001345375106564365	0.019254848678601874
ti|207559|org|Desulfovibrio_alaskensis_G20	4.153723985252827e-09	0.005641251065643648	847.0	0.005641251065643648	0.0	3.4768475369161e-09	0.005014075376527423	752.8333333333334	0.004735453964194373	0.00029971227621483377
ti|334413|org|Finegoldia_magna_ATCC_29328	2.362092889785288e-09	1.3320545609548167e-05	2.0	1.3320545609548167e-05	0.0	2.362092889785288e-09	1.3320545609548167e-05	2.0	1.3320545609548167e-05	0.0
ti|720554|org|Clostridium_clariflavum_DSM_19732	4.2353389696104807e-10	0.0033767583120204604	507.0	0.0033700980392156864	6.6602728047740835e-06	3.181368812912954e-10	0.0029854672847399824	448.2499999999999	0.0018648763853367433	0.001345375106564365
ti|751585|org|Coprococcus_sp._ART55/1	4.14341769875707e-10	0.002570865302642796	386.0	0.002570865302642796	0.0	5.862608810240415e-09	0.0035954372691105424	539.8333333333333	0.0034833226768968455	0.00013320545609548168
ti|657321|org|Ruminococcus_bromii_L2-63	3.4571496666323396e-10	0.003529944586530264	530.0	0.003529944586530264	0.0	9.660313432133742e-09	0.005550227337311736	833.3333333333334	0.005328218243819267	0.0002597506393861893
ti|515619|org|Eubacterium_rectale_ATCC_33656	1.4462826632265466e-10	5.328218243819267e-05	8.0	5.328218243819267e-05	0.0	0.01181949162928782	0.012729224389030038	1911.216666666526	7.992327365728901e-05	0.03793025362318841
ti|246198|org|Prevotella_intermedia_17	8.4302679472616e-11	6.660272804774084e-05	10.0	6.660272804774084e-05	0.0	8.430090791945434e-11	6.660272804774084e-05	10.0	6.660272804774084e-05	0.0
ti|1261557|org|Enterococcus_faecalis_str._Symbioflor_1	8.272992464611565e-11	0.0	0.0	0.0	0.0	1.2075073476275253e-08	4.162670502983802e-06	0.625	0.0	1.3320545609548167e-05
ti|637887|org|Clostridium_thermocellum_DSM_1313	6.299505344850549e-11	0.00030637254901960784	46.0	0.00030637254901960784	0.0	1.0579887311710777e-10	0.0007270797811878372	109.16666666666663	0.0001998081841432225	0.0010856244671781756
ti|203119|org|Clostridium_thermocellum_ATCC_27405	5.2757097765775065e-11	0.0003463341858482523	52.0	0.0003463341858482523	0.0	1.5466386141703446e-10	0.0011921888320545612	179.00000000000003	0.0006194053708439898	0.0011522271952259164
ti|936154|org|Streptococcus_parauberis_KCTC_11537	4.113414330288525e-11	6.6602728047740835e-06	1.0	6.6602728047740835e-06	0.0	2.4999754154672005e-09	1.3320545609548167e-05	2.0	6.6602728047740835e-06	6.6602728047740835e-06
ti|553174|org|Prevotella_melaninogenica_ATCC_25845	1.9465841258501084e-11	0.00010656436487638534	16.0	0.00010656436487638534	0.0	1.9368762145783422e-11	0.00011322463768115942	17.0	0.00011322463768115942	0.0
ti|1064535|org|Megasphaera_elsdenii_DSM_20460	8.950326592227286e-12	0.0005195012787723786	78.0	0.0005195012787723786	0.0	9.703019052631113e-11	0.003090366581415175	464.0	0.003170289855072464	1.3320545609548167e-05
ti|663278|org|Ethanoligenens_harbinense_YUAN-3	8.812126759251533e-12	0.00035299445865302645	53.0	0.00035299445865302645	0.0	9.5498546910243e-12	0.0014885709718670077	223.5	0.0013786764705882354	0.00011988491048593351
ti|757424|org|Herbaspirillum_seropedicae_SmR1	8.601581111027358e-12	0.000792572463768116	119.0	0.000792572463768116	0.0	8.028366448967849e-12	0.000715979326513214	107.5	0.0005861040068201194	0.00015318627450980392
ti|349741|org|Akkermansia_muciniphila_ATCC_BAA-835	4.814703183667943e-12	1.9980818414322252e-05	3.0	1.9980818414322252e-05	0.0	4.814703183667944e-12	3.9961636828644505e-05	6.0	3.330136402387042e-05	6.6602728047740835e-06
ti|1005048|org|Collimonas_fungivorans_Ter331	2.7053331246054e-12	4.662190963341858e-05	7.0	4.662190963341858e-05	0.0	2.7416827787046387e-12	8.991368286445013e-05	13.5	6.660272804774084e-05	4.662190963341858e-05
ti|261292|org|Nitrosomonas_sp._Is79A3	2.4591647006841758e-12	0.0039295609548167095	590.0	0.0039295609548167095	0.0	4.714647787755647e-13	0.0013694630932082979	205.61666666666667	0.00037297527706734866	0.001118925831202046
ti|394503|org|Clostridium_cellulolyticum_H10	2.2821778216301884e-12	0.0002064684569479966	31.0	0.0002064684569479966	0.0	1.583529258611628e-10	0.0017627522023302075	264.6666666666667	0.0006926683716965046	0.0012920929241261722
ti|717608|org|Clostridium_cf._saccharolyticum_K10	1.3037965925469359e-12	3.330136402387042e-05	5.0	3.330136402387042e-05	0.0	0.00022177375807401654	0.015503339016766123	2327.7333333333327	0.0010922847399829497	0.029644874254049446
ti|1217984|org|Bacillus_cereus_FRI-35	1.1103878262003478e-12	1.3320545609548167e-05	2.0	1.3320545609548167e-05	0.0	3.4303375331695376e-13	3.3301364023870418e-06	0.5	0.0	6.6602728047740835e-06
ti|525146|org|Desulfovibrio_desulfuricans_subsp._desulfuricans_str._ATCC_27774	4.985405379888991e-13	5.9942455242966753e-05	9.0	5.9942455242966753e-05	0.0	6.040104667924904e-10	0.0005727834612105711	86.0	0.00038629582267689686	0.00021312872975277067
ti|762376|org|Achromobacter_xylosoxidans_A8	4.237316360746784e-13	0.0011522271952259164	173.0	0.0011522271952259164	0.0	2.6631458124278057e-13	0.0013267263427109975	199.20000000000002	0.00013320545609548168	0.0012454710144927535
ti|1042156|org|Clostridium_sp._SY8519	3.940664001856521e-13	1.3320545609548167e-05	2.0	1.3320545609548167e-05	0.0	4.4814398616467225e-07	0.0004584487780619495	68.83333333333334	0.0003663150042625746	0.00011322463768115942
ti|718255|org|Roseburia_intestinalis_XB6B4	2.1678582004622694e-13	1.3320545609548167e-05	2.0	1.3320545609548167e-05	0.0	0.005067741745833011	0.007879324737141246	1183.0333333333351	0.0001665068201193521	0.01590473145780051
ti|471856|org|Jonesia_denitrificans_DSM_20603	2.0386663351280832e-13	2.6641091219096334e-05	4.0	2.6641091219096334e-05	0.0	1.4299561901656682e-13	2.6641091219096334e-05	4.0	2.6641091219096334e-05	0.0
ti|226186|org|Bacteroides_thetaiotaomicron_VPI-5482	1.2943552610948588e-13	0.0002597506393861893	39.0	0.0002597506393861893	0.0	0.0001757366719049605	0.08808621501136753	13225.616666666765	0.05168371696504689	0.050325021312872975
ti|568707|org|Bordetella_bronchiseptica_253	7.46308440348546e-14	0.00022644927536231884	34.0	0.00022644927536231884	0.0	1.7220126213733887e-13	0.00031436487638533683	47.20000000000001	1.3320545609548167e-05	0.0006593670076726342
ti|717960|org|Eubacterium_cylindroides_T2-87	6.794075388633938e-14	0.00039295609548167093	59.0	0.00039295609548167093	0.0	6.793671691288781e-14	0.000399616368286445	60.0	0.00039295609548167093	6.6602728047740835e-06
ti|428406|org|Ralstonia_pickettii_12D	6.135807558816446e-14	7.992327365728901e-05	12.0	7.992327365728901e-05	0.0	9.39703192951193e-14	7.992327365728901e-05	12.0	7.326300085251492e-05	1.9980818414322252e-05
ti|748247|org|Azoarcus_sp._KH32C	4.651802536090692e-14	7.992327365728901e-05	12.0	7.992327365728901e-05	0.0	3.706399096405854e-13	0.00025309036658141516	38.0	0.00017316709292412616	7.992327365728901e-05
ti|657317|org|Eubacterium_rectale_M104/1	3.858039865384608e-14	6.6602728047740835e-06	1.0	6.6602728047740835e-06	0.0	0.011816248912654505	0.012315732452400367	1849.1333333332007	1.9980818414322252e-05	0.03719762361466326
ti|257310|org|Bordetella_bronchiseptica_RB50	3.278634162534993e-14	7.992327365728901e-05	12.0	7.992327365728901e-05	0.0	1.7389288955131528e-13	0.0002875017760727479	43.166666666666664	1.9980818414322252e-05	0.0006194053708439898
ti|508765|org|Clostridium_botulinum_B_str._Eklund_17B	2.3723735433801694e-14	9.990409207161125e-05	15.0	9.990409207161125e-05	0.0	1.1221730474584769e-14	4.329177323103154e-05	6.5	6.6602728047740835e-06	7.326300085251492e-05
ti|402626|org|Ralstonia_pickettii_12J	2.218761429926587e-14	5.328218243819267e-05	8.0	5.328218243819267e-05	0.0	3.523131035610136e-13	0.00011988491048593351	18.0	9.324381926683717e-05	3.9961636828644505e-05
ti|391904|org|Bifidobacterium_longum_subsp._infantis_ATCC_15697_=_JCM_1222	1.7386100647046955e-14	6.6602728047740835e-06	1.0	6.6602728047740835e-06	0.0	2.9464745431269887e-05	1.6122329201772937e-05	2.4206709956709958	0.0	0.00012654518329070758
ti|525897|org|Desulfomicrobium_baculatum_DSM_4028	1.0987609235850671e-14	1.9980818414322252e-05	3.0	1.9980818414322252e-05	0.0	1.4281549762860471e-12	6.660272804774084e-05	10.0	3.9961636828644505e-05	2.6641091219096334e-05
ti|568706|org|Bordetella_pertussis_18323	7.696734335210449e-15	5.328218243819267e-05	8.0	5.328218243819267e-05	0.0	7.713004079894177e-14	2.6641091219096334e-05	4.0	6.6602728047740835e-06	3.9961636828644505e-05
ti|650150|org|Erysipelothrix_rhusiopathiae_str._Fujisawa	7.391321715194292e-15	0.00015984654731457802	24.0	0.00015984654731457802	0.0	7.391321715194292e-15	0.00015984654731457802	24.0	0.00015984654731457802	0.0
ti|522306|org|Candidatus_Accumulibacter_phosphatis_clade_IIA_str._UW-1	6.2985720529928576e-15	1.9980818414322252e-05	3.0	1.9980818414322252e-05	0.0	3.37231395343823e-14	7.659313725490196e-05	11.5	1.9980818414322252e-05	5.9942455242966753e-05
ti|267608|org|Ralstonia_solanacearum_GMI1000	5.951802739572589e-15	2.6641091219096334e-05	4.0	2.6641091219096334e-05	0.0	1.7735071331602976e-13	7.326300085251492e-05	11.0	5.328218243819267e-05	1.9980818414322252e-05
ti|693979|org|Bacteroides_helcogenes_P_36-108	5.543459873730858e-15	7.992327365728901e-05	12.0	7.992327365728901e-05	0.0	3.1941819616108e-06	0.024760119174481385	3717.583333333333	0.020933237425404944	0.004455722506393862
ti|266265|org|Burkholderia_xenovorans_LB400	5.29402105851159e-15	2.6641091219096334e-05	4.0	2.6641091219096334e-05	0.0	1.5135144063499393e-14	1.1100454674623471e-05	1.6666666666666665	6.6602728047740835e-06	1.3320545609548167e-05
ti|1208920|org|Candidatus_Kinetoplastibacterium_oncopeltii_TCC290E	4.257586063651953e-15	3.330136402387042e-05	5.0	3.330136402387042e-05	0.0	8.956999766404031e-14	2.6641091219096334e-05	4.0	6.6602728047740835e-06	1.9980818414322252e-05
ti|667015|org|Bacteroides_salanitronis_DSM_18170	4.206075957499971e-15	0.0002930520034100597	44.0	0.0002930520034100597	0.0	1.9610250936973548e-08	0.0011588874680306905	174.0	0.0009857203751065643	0.00018648763853367433
ti|360910|org|Bordetella_avium_197N	3.1505825114866943e-15	1.3320545609548167e-05	2.0	1.3320545609548167e-05	0.0	2.258600637732294e-13	0.0007772538363171355	116.7	9.990409207161125e-05	0.0006860080988917306
ti|485916|org|Desulfotomaculum_acetoxidans_DSM_771	3.1374488261748564e-15	1.3320545609548167e-05	2.0	1.3320545609548167e-05	0.0	6.2719664720271925e-15	1.3320545609548167e-05	2.0	1.3320545609548167e-05	0.0
ti|1114965|org|Streptococcus_parasanguinis_FW213	3.093310495979978e-15	6.6602728047740835e-06	1.0	6.6602728047740835e-06	0.0	6.353109224103122e-07	1.9980818414322252e-05	3.0	6.6602728047740835e-06	2.6641091219096334e-05
ti|1229205|org|Burkholderia_phenoliruptrix_BR3459a	2.2611418643050636e-15	6.6602728047740835e-06	1.0	6.6602728047740835e-06	0.0	1.841174092546842e-14	4.440181869849389e-06	0.6666666666666666	0.0	1.3320545609548167e-05
ti|264198|org|Ralstonia_eutropha_JMP134	1.5295288414100777e-15	1.3320545609548167e-05	2.0	1.3320545609548167e-05	0.0	1.5341351271348006e-13	7.326300085251492e-05	11.0	6.660272804774084e-05	6.6602728047740835e-06
ti|859657|org|Ralstonia_solanacearum_PSI07	8.206416142557627e-16	6.6602728047740835e-06	1.0	6.6602728047740835e-06	0.0	2.1827007134059498e-14	1.9980818414322252e-05	3.0	1.3320545609548167e-05	6.6602728047740835e-06
ti|697329|org|Ruminococcus_albus_7	5.919802023089385e-16	8.658354646206308e-05	13.0	8.658354646206308e-05	0.0	7.082676203737689e-07	0.001518542199488491	228.0	0.0012920929241261722	0.0002464300937766411
ti|228410|org|Nitrosomonas_europaea_ATCC_19718	4.473998276926085e-16	5.9942455242966753e-05	9.0	5.9942455242966753e-05	0.0	3.907065696013998e-15	2.2385916927157337e-05	3.361111111111111	0.0	3.330136402387042e-05
ti|927704|org|Selenomonas_ruminantium_subsp._lactilytica_TAM6421	4.461372991757659e-16	1.9980818414322252e-05	3.0	1.9980818414322252e-05	0.0	1.5578307364525453e-13	4.662190963341858e-05	7.0	4.662190963341858e-05	0.0
ti|717961|org|Eubacterium_siraeum_V10Sc8a	3.7685713280223736e-16	4.662190963341858e-05	7.0	4.662190963341858e-05	0.0	1.39318938476398e-11	0.0004628889599317988	69.5	0.0004062766410912191	5.9942455242966753e-05
ti|502558|org|Eggerthella_sp._YY7918	3.378184481881907e-16	8.658354646206308e-05	13.0	8.658354646206308e-05	0.0	5.6958760189444316e-12	0.0004928601875532822	74.0	0.0004528985507246377	3.9961636828644505e-05
ti|568816|org|Acidaminococcus_intestini_RyC-MR95	2.651134470894314e-16	6.6602728047740835e-06	1.0	6.6602728047740835e-06	0.0	1.5436156755659448e-16	9.990409207161126e-06	1.5	6.6602728047740835e-06	6.6602728047740835e-06
ti|203275|org|Tannerella_forsythia_ATCC_43037	1.3031193640776408e-16	5.328218243819267e-05	8.0	5.328218243819267e-05	0.0	2.3497471710286846e-10	0.000642716325660699	96.5	0.0005861040068201194	8.658354646206308e-05
ti|1208921|org|Candidatus_Kinetoplastibacterium_galatii_TCC219	1.2771345704382898e-16	6.6602728047740835e-06	1.0	6.6602728047740835e-06	0.0	9.412663909723407e-16	6.6602728047740835e-06	1.0	6.6602728047740835e-06	0.0
ti|1511|org|[Clostridium]_sticklandii	1.2459144183587739e-16	9.324381926683717e-05	14.0	9.324381926683717e-05	0.0	1.111491867649805e-13	9.990409207161125e-05	15.0	9.324381926683717e-05	1.3320545609548167e-05
ti|1116391|org|Paenibacillus_mucilaginosus_3016	1.2412019103248852e-16	0.00021312872975277067	32.0	0.00021312872975277067	0.0	1.196307462780368e-16	7.459505541346972e-05	11.2	7.992327365728901e-05	7.326300085251492e-05
ti|293826|org|Alkaliphilus_metalliredigens_QYMF	8.06165774415242e-17	0.00011322463768115942	17.0	0.00011322463768115942	0.0	2.560808561518066e-15	0.0001913903393482997	28.73611111111111	0.00015318627450980392	5.9942455242966753e-05
ti|257313|org|Bordetella_pertussis_Tohama_I	3.885137911137865e-17	6.6602728047740835e-06	1.0	6.6602728047740835e-06	0.0	7.716294375119001e-14	2.331095481670929e-05	3.5	0.0	4.662190963341858e-05
ti|645463|org|Clostridium_difficile_R20291	1.8317630594995345e-17	7.326300085251492e-05	11.0	7.326300085251492e-05	0.0	1.353904062339762e-07	0.0001032791588857765	15.506746031746026	1.3320545609548167e-05	0.0004861999147485081
ti|413999|org|Clostridium_botulinum_A_str._ATCC_3502	1.4275019056814708e-17	3.330136402387042e-05	5.0	3.330136402387042e-05	0.0	3.430776517936067e-14	1.1829913124670159e-05	1.7761904761904763	0.0	7.326300085251492e-05
ti|694427|org|Paludibacter_propionicigenes_WB4	1.2367794717032403e-17	2.6641091219096334e-05	4.0	2.6641091219096334e-05	0.0	2.4446221682868796e-13	5.9942455242966753e-05	9.0	5.328218243819267e-05	1.3320545609548167e-05
ti|340099|org|Thermoanaerobacter_pseudethanolicus_ATCC_33223	1.2342244731156575e-17	1.3320545609548167e-05	2.0	1.3320545609548167e-05	0.0	6.514854725691632e-18	6.6602728047740835e-06	1.0	6.6602728047740835e-06	0.0
ti|699246|org|Clostridiales_genomosp._BVAB3_str._UPII9-5	1.1696713477696792e-17	1.3320545609548167e-05	2.0	1.3320545609548167e-05	0.0	9.942720795583615e-15	1.9980818414322252e-05	3.0	1.9980818414322252e-05	0.0
ti|640511|org|Burkholderia_sp._CCGE1002	6.877336758651716e-18	6.6602728047740835e-06	1.0	6.6602728047740835e-06	0.0	1.8006157033485446e-14	2.9971227621483377e-05	4.5	1.3320545609548167e-05	1.9980818414322252e-05
ti|1121335|org|Clostridium_stercorarium_subsp._stercorarium_DSM_8532	4.6167593942653025e-18	1.3320545609548167e-05	2.0	1.3320545609548167e-05	0.0	2.1948272068978908e-11	0.0014208581983518045	213.33333333333334	0.00012654518329070758	0.0013320545609548167
ti|755731|org|Clostridium_sp._BNL1100	4.320157961488782e-18	2.6641091219096334e-05	4.0	2.6641091219096334e-05	0.0	1.2675407073074706e-10	0.00025420041204887755	38.16666666666667	7.992327365728901e-05	0.0003330136402387042
ti|1128398|org|Clostridium_acidurici_9a	3.756984345243555e-18	6.6602728047740835e-06	1.0	6.6602728047740835e-06	0.0	1.69221704132642e-16	3.9961636828644505e-05	6.0	1.9980818414322252e-05	1.9980818414322252e-05
ti|700015|org|Coriobacterium_glomerans_PW2	1.1542489455459346e-30	6.6602728047740835e-06	1.0	6.6602728047740835e-06	0.0	1.1542489455459346e-30	6.6602728047740835e-06	1.0	6.6602728047740835e-06	0.0
ti|699035|org|Clostridium_difficile_M120	3.8949711707433756e-32	6.660272804774084e-05	10.0	6.660272804774084e-05	0.0	1.3539040278412654e-07	0.00012698655851229375	19.066269841269833	1.9980818414322252e-05	0.0004928601875532822
ti|272563|org|Clostridium_difficile_630	2.730373008594088e-32	3.9961636828644505e-05	6.0	3.9961636828644505e-05	0.0	9.516437271156751e-08	0.0001214680467597667	18.23769841269841	2.6641091219096334e-05	0.0005261615515771526
ti|642492|org|Clostridium_lentocellum_DSM_5427	1.3030234557439767e-32	1.3320545609548167e-05	2.0	1.3320545609548167e-05	0.0	1.0937859537012731e-16	1.9980818414322252e-05	3.0	1.3320545609548167e-05	6.6602728047740835e-06
ti|645991|org|Syntrophobotulus_glycolicus_DSM_8271	1.1057741585748845e-32	6.6602728047740835e-06	1.0	6.6602728047740835e-06	0.0	1.1057741585748845e-32	6.6602728047740835e-06	1.0	6.6602728047740835e-06	0.0
ti|699034|org|Clostridium_difficile_BI1	1.0575166088829739e-32	2.6641091219096334e-05	4.0	2.6641091219096334e-05	0.0	1.1842297454869963e-07	0.00013361511573228323	20.061507936507933	3.330136402387042e-05	0.0004995204603580563
ti|1036673|org|Paenibacillus_mucilaginosus_KNP414	3.5762426765096855e-33	6.6602728047740835e-06	1.0	6.6602728047740835e-06	0.0	1.013769188673358e-16	9.59079283887468e-05	14.399999999999999	8.658354646206308e-05	9.324381926683717e-05
ti|699036|org|Clostridium_difficile_CF5	3.1314952080258355e-33	6.6602728047740835e-06	1.0	6.6602728047740835e-06	0.0	6.206809620672899e-08	9.919577734475432e-05	14.893650793650792	1.9980818414322252e-05	0.0004462382779198636
ti|643562|org|Desulfovibrio_aespoeensis_Aspo-2	3.1314952080258355e-33	6.6602728047740835e-06	1.0	6.6602728047740835e-06	0.0	5.698056557867819e-13	0.0	0.0	0.0	0.0
ti|645462|org|Clostridium_difficile_CD196	3.0833297507762916e-33	6.6602728047740835e-06	1.0	6.6602728047740835e-06	0.0	1.3539040162962987e-07	0.00011604468176159353	17.423412698412697	6.6602728047740835e-06	0.0005261615515771526
ti|302409|org|Ehrlichia_ruminantium_str._Gardel	2.8486951807916165e-33	6.6602728047740835e-06	1.0	1.3320545609548167e-05	0.0	2.3719215142293677e-33	6.6602728047740835e-06	1.0	6.6602728047740835e-06	6.6602728047740835e-06
ti|254945|org|Ehrlichia_ruminantium_str._Welgevonden	2.8486951807916165e-33	6.6602728047740835e-06	1.0	1.3320545609548167e-05	0.0	2.3719215142293677e-33	6.6602728047740835e-06	1.0	6.6602728047740835e-06	6.6602728047740835e-06
ti|1051072|org|Streptococcus_equi_subsp._zooepidemicus_ATCC_35246	2.742057272091916e-33	6.6602728047740835e-06	1.0	6.6602728047740835e-06	0.0	8.466602482355729e-08	5.5502273373117354e-06	0.8333333333333333	6.6602728047740835e-06	6.6602728047740835e-06
ti|585394|org|Roseburia_hominis_A2-183	2.565895153557397e-33	6.6602728047740835e-06	1.0	6.6602728047740835e-06	0.0	0.002117735816439842	0.0011849735365160557	177.91666666666669	0.0002064684569479966	0.0018715366581415174
ti|537021|org|Candidatus_Liberibacter_asiaticus_str._psy62	2.2467961781340256e-33	6.6602728047740835e-06	1.0	1.3320545609548167e-05	0.0	2.2467961781340256e-33	6.6602728047740835e-06	1.0	1.3320545609548167e-05	0.0
ti|1174529|org|Candidatus_Liberibacter_asiaticus_str._gxpsy	2.2467961781340256e-33	6.6602728047740835e-06	1.0	1.3320545609548167e-05	0.0	2.2467961781340256e-33	6.6602728047740835e-06	1.0	1.3320545609548167e-05	0.0
ti|632292|org|Caldicellulosiruptor_hydrothermalis_108	1.934418320194914e-73	0.0	0.0	0.0	0.0	7.520706603236427e-17	2.2200909349246945e-06	0.3333333333333333	0.0	6.6602728047740835e-06
ti|416870|org|Lactococcus_lactis_subsp._cremoris_MG1363	1.611750999437791e-157	0.0	0.0	0.0	0.0	1.128805411601449e-06	2.4050985128350857e-06	0.3611111111111111	0.0	1.9980818414322252e-05
ti|1046624|org|Lactococcus_lactis_subsp._lactis_IO-1	4.324975829039977e-158	0.0	0.0	0.0	0.0	1.1288054112443094e-06	2.4050985128350857e-06	0.3611111111111111	0.0	1.9980818414322252e-05
ti|999541|org|Burkholderia_gladioli_BSR3	0.0	0.0	0.0	0.0	0.0	4.256063325606765e-17	0.0	0.0	0.0	0.0
ti|993512|org|Streptococcus_suis_A7	0.0	0.0	0.0	0.0	0.0	9.805980882852484e-09	6.6602728047740835e-06	1.0	0.0	6.6602728047740835e-06
ti|991791|org|Clostridium_acetobutylicum_DSM_1731	0.0	0.0	0.0	0.0	0.0	8.644787373061896e-17	0.0	0.0	0.0	0.0
ti|990317|org|Streptococcus_gallolyticus_subsp._gallolyticus_ATCC_BAA-2069	0.0	0.0	0.0	0.0	0.0	2.401050483539515e-33	0.0	0.0	0.0	0.0
ti|983917|org|Rubrivivax_gelatinosus_IL144	0.0	0.0	0.0	0.0	0.0	1.1837623366941385e-15	0.0	0.0	0.0	0.0
ti|981540|org|Streptococcus_pasteurianus_ATCC_43144	0.0	0.0	0.0	0.0	0.0	3.218666115412368e-13	0.0	0.0	0.0	0.0
ti|981539|org|Streptococcus_gallolyticus_subsp._gallolyticus_ATCC_43143	0.0	0.0	0.0	0.0	0.0	2.425213517679642e-11	0.0	0.0	0.0	0.0
ti|979982|org|Leuconostoc_sp._C2	0.0	0.0	0.0	0.0	0.0	2.2294595897640348e-33	0.0	0.0	0.0	0.0
ti|979556|org|Microbacterium_testaceum_StLB037	0.0	0.0	0.0	0.0	0.0	1.6597814934873155e-16	0.0	0.0	0.0	0.0
ti|977880|org|Cupriavidus_taiwanensis_LMG_19424	0.0	0.0	0.0	0.0	0.0	1.8900153684096615e-15	2.6641091219096334e-05	4.0	0.0	2.6641091219096334e-05
ti|945704|org|Streptococcus_suis_JS14	0.0	0.0	0.0	0.0	0.0	8.42897803159975e-08	8.325341005967604e-07	0.125	0.0	6.6602728047740835e-06
ti|945021|org|Tetragenococcus_halophilus_NBRC_12172	0.0	0.0	0.0	0.0	0.0	2.2492478042597288e-11	0.0	0.0	0.0	0.0
ti|942513|org|Neisseria_meningitidis_WUE_2594	0.0	0.0	0.0	0.0	0.0	6.011630924444068e-16	2.4050985128350857e-06	0.3611111111111111	0.0	1.3320545609548167e-05
ti|941968|org|Clostridium_botulinum_H04402_065	0.0	0.0	0.0	0.0	0.0	1.3169394508004664e-14	1.5630497368029335e-05	2.3468253968253965	0.0	0.00011322463768115942
ti|940296|org|Neisseria_gonorrhoeae_TCDC-NG08107	0.0	0.0	0.0	0.0	0.0	9.855387660435376e-16	0.0	0.0	0.0	0.0
ti|940190|org|Melissococcus_plutonius_ATCC_35311	0.0	0.0	0.0	0.0	0.0	8.419216611705418e-18	0.0	0.0	0.0	0.0
ti|937774|org|Taylorella_equigenitalis_MCE9	0.0	0.0	0.0	0.0	0.0	4.1368402255133964e-18	0.0	0.0	0.0	0.0
ti|935599|org|Neisseria_meningitidis_G2136	0.0	0.0	0.0	0.0	0.0	2.5937555574547243e-15	7.955325850146822e-06	1.1944444444444444	0.0	3.330136402387042e-05
ti|935593|org|Neisseria_meningitidis_M04-240196	0.0	0.0	0.0	0.0	0.0	1.5981919343250138e-17	0.0	0.0	0.0	0.0
ti|935589|org|Neisseria_meningitidis_NZ-05/33	0.0	0.0	0.0	0.0	0.0	2.633983974680844e-15	7.955325850146822e-06	1.1944444444444444	0.0	3.330136402387042e-05
ti|931626|org|Acetobacterium_woodii_DSM_1030	0.0	0.0	0.0	0.0	0.0	2.0184214453825858e-17	0.0	0.0	0.0	0.0
ti|930170|org|Bacillus_thuringiensis_serovar_finitimus_YBT-020	0.0	0.0	0.0	0.0	0.0	7.431365577197192e-14	0.0	0.0	0.0	0.0
ti|929556|org|Solitalea_canadensis_DSM_3403	0.0	0.0	0.0	0.0	0.0	3.3206663535134e-33	0.0	0.0	0.0	0.0
ti|929506|org|Clostridium_botulinum_BKT015925	0.0	0.0	0.0	0.0	0.0	2.721854696173004e-16	0.0	0.0	0.0	0.0
ti|910348|org|Escherichia_coli_P12b	0.0	0.0	0.0	0.0	0.0	1.007579426989913e-06	5.123286772903142e-07	0.07692307692307693	0.0	6.6602728047740835e-06
ti|909420|org|Neisseria_meningitidis_H44/76	0.0	0.0	0.0	0.0	0.0	8.957008137595547e-16	7.400303116415648e-07	0.1111111111111111	0.0	6.6602728047740835e-06
ti|908937|org|Prevotella_dentalis_DSM_3688	0.0	0.0	0.0	0.0	0.0	2.961391807067787e-15	6.6602728047740835e-06	1.0	0.0	6.6602728047740835e-06
ti|903814|org|Eubacterium_limosum_KIST612	0.0	0.0	0.0	0.0	0.0	7.679477457530964e-16	0.0	0.0	0.0	0.0
ti|890402|org|Bifidobacterium_longum_subsp._longum_BBMN68	0.0	0.0	0.0	0.0	0.0	1.276319110879571e-05	1.612232920177294e-05	2.420670995670996	0.0	0.00012654518329070758
ti|885276|org|Escherichia_coli_str._clone_D_i2	0.0	0.0	0.0	0.0	0.0	4.6769152142967476e-07	6.05479345888553e-07	0.09090909090909091	0.0	6.6602728047740835e-06
ti|885275|org|Escherichia_coli_str._clone_D_i14	0.0	0.0	0.0	0.0	0.0	4.6769152142967476e-07	6.05479345888553e-07	0.09090909090909091	0.0	6.6602728047740835e-06
ti|884204|org|Burkholderia_pseudomallei_1026b	0.0	0.0	0.0	0.0	0.0	3.5068548371230056e-17	0.0	0.0	0.0	0.0
ti|883|org|Desulfovibrio_vulgaris_str._Miyazaki_F	0.0	0.0	0.0	0.0	0.0	5.7010873775877164e-11	4.9952046035805626e-05	7.5	1.9980818414322252e-05	3.9961636828644505e-05
ti|883062|org|Bifidobacterium_bifidum_S17	0.0	0.0	0.0	0.0	0.0	3.052916037632542e-08	2.2200909349246945e-06	0.3333333333333333	0.0	6.6602728047740835e-06
ti|882|org|Desulfovibrio_vulgaris_str._Hildenborough	0.0	0.0	0.0	0.0	0.0	3.6091074882077483e-13	6.6602728047740835e-06	1.0	0.0	1.3320545609548167e-05
ti|882378|org|Burkholderia_rhizoxinica_HKI_454	0.0	0.0	0.0	0.0	0.0	7.439792954544055e-15	1.3320545609548167e-05	2.0	6.6602728047740835e-06	6.6602728047740835e-06
ti|881621|org|Listeria_ivanovii_subsp._ivanovii_PAM_55	0.0	0.0	0.0	0.0	0.0	2.302029972890464e-13	0.0	0.0	0.0	0.0
ti|880072|org|Desulfobacca_acetoxidans_DSM_11109	0.0	0.0	0.0	0.0	0.0	3.82282745364713e-33	0.0	0.0	0.0	0.0
ti|879090|org|Listeria_monocytogenes_SLCC7179	0.0	0.0	0.0	0.0	0.0	5.308828227672605e-11	0.0	0.0	0.0	0.0
ti|879088|org|Listeria_monocytogenes_SLCC2378	0.0	0.0	0.0	0.0	0.0	1.3818250181946122e-11	0.0	0.0	0.0	0.0
ti|869816|org|Staphylococcus_aureus_subsp._aureus_JKD6159	0.0	0.0	0.0	0.0	0.0	5.218720362249298e-15	0.0	0.0	0.0	0.0
ti|869729|org|Escherichia_coli_UM146	0.0	0.0	0.0	0.0	0.0	2.714775251081501e-09	0.0	0.0	0.0	0.0
ti|869312|org|Streptococcus_pneumoniae_SPN033038	0.0	0.0	0.0	0.0	0.0	1.6986146075953232e-07	1.913747218254891e-06	0.28733766233766234	0.0	1.9980818414322252e-05
ti|869311|org|Streptococcus_pneumoniae_SPN032672	0.0	0.0	0.0	0.0	0.0	4.0979255266922285e-07	0.0	0.0	0.0	0.0
ti|869309|org|Streptococcus_pneumoniae_SPNA45	0.0	0.0	0.0	0.0	0.0	5.454274690717081e-07	1.308267872366338e-06	0.19642857142857142	0.0	1.3320545609548167e-05
ti|869307|org|Streptococcus_pneumoniae_SPN994039	0.0	0.0	0.0	0.0	0.0	1.821963794114809e-07	1.6650682011935209e-06	0.25	0.0	6.6602728047740835e-06
ti|869306|org|Streptococcus_pneumoniae_SPN994038	0.0	0.0	0.0	0.0	0.0	4.951939922583415e-07	2.140801972963098e-06	0.3214285714285714	0.0	1.3320545609548167e-05
ti|869304|org|Streptococcus_pneumoniae_SPN034183	0.0	0.0	0.0	0.0	0.0	8.95408433694313e-08	6.05479345888553e-07	0.09090909090909091	0.0	6.6602728047740835e-06
ti|869303|org|Streptococcus_pneumoniae_SPN034156	0.0	0.0	0.0	0.0	0.0	2.406231820687131e-07	4.411349520045172e-06	0.6623376623376623	0.0	3.330136402387042e-05
ti|869269|org|Streptococcus_pneumoniae_INV104	0.0	0.0	0.0	0.0	0.0	4.5628094521821013e-07	2.140801972963098e-06	0.3214285714285714	0.0	1.9980818414322252e-05
ti|869216|org|Streptococcus_pneumoniae_INV200	0.0	0.0	0.0	0.0	0.0	2.487695696396275e-07	8.325341005967604e-07	0.125	0.0	6.6602728047740835e-06
ti|869215|org|Streptococcus_pneumoniae_OXC141	0.0	0.0	0.0	0.0	0.0	9.376649242599656e-08	0.0	0.0	0.0	0.0
ti|868595|org|Desulfotomaculum_carboxydivorans_CO-1-SRB	0.0	0.0	0.0	0.0	0.0	1.2363953319018262e-17	0.0	0.0	0.0	0.0
ti|866895|org|Halobacillus_halophilus_DSM_2266	0.0	0.0	0.0	0.0	0.0	5.342795990792843e-17	0.0	0.0	0.0	0.0
ti|866777|org|Bifidobacterium_breve_ACS-071-V-Sch8b	0.0	0.0	0.0	0.0	0.0	2.6193559655885066e-05	1.4050244329176556e-05	2.109559884559885	0.0	0.00011322463768115942
ti|866768|org|Escherichia_coli_BL21-Gold(DE3)pLysS_AG	0.0	0.0	0.0	0.0	0.0	7.31928706189278e-07	5.123286772903142e-07	0.07692307692307693	0.0	6.6602728047740835e-06
ti|862962|org|Bacteroides_fragilis_638R	0.0	0.0	0.0	0.0	0.0	0.01190365996052087	0.013719828964193579	2059.9499999998807	3.9961636828644505e-05	0.04277893222506394
ti|859656|org|Ralstonia_solanacearum_CFBP2957	0.0	0.0	0.0	0.0	0.0	3.240620441916066e-14	6.6602728047740835e-06	1.0	6.6602728047740835e-06	0.0
ti|859655|org|Ralstonia_solanacearum_CMR15	0.0	0.0	0.0	0.0	0.0	1.0070205900847629e-14	6.6602728047740835e-06	1.0	6.6602728047740835e-06	0.0
ti|85643|org|Thauera_sp._MZ1T	0.0	0.0	0.0	0.0	0.0	5.747059183939086e-15	0.0	0.0	0.0	0.0
ti|798300|org|Streptococcus_pyogenes_MGAS15252	0.0	0.0	0.0	0.0	0.0	2.2290148923066164e-11	0.0	0.0	0.0	0.0
ti|768704|org|Desulfosporosinus_meridiei_DSM_13257	0.0	0.0	0.0	0.0	0.0	2.2300160600418865e-17	0.0	0.0	0.0	0.0
ti|767463|org|Streptococcus_thermophilus_ND03	0.0	0.0	0.0	0.0	0.0	0.00012980928266889119	0.00016415193794909257	24.646428571428554	0.0	0.0006926683716965046
ti|767455|org|Lactobacillus_delbrueckii_subsp._bulgaricus_ND02	0.0	0.0	0.0	0.0	0.0	5.4249990955709006e-06	0.0	0.0	0.0	0.0
ti|767031|org|Prevotella_denticola_F0289	0.0	0.0	0.0	0.0	0.0	1.0322196788870176e-13	6.6602728047740835e-06	1.0	6.6602728047740835e-06	0.0
ti|765911|org|Thiocystis_violascens_DSM_198	0.0	0.0	0.0	0.0	0.0	5.862199491794212e-18	0.0	0.0	0.0	0.0
ti|762948|org|Rothia_dentocariosa_ATCC_17931	0.0	0.0	0.0	0.0	0.0	3.9646414863367755e-15	0.0	0.0	0.0	0.0
ti|762051|org|Leuconostoc_kimchii_IMSNU_11154	0.0	0.0	0.0	0.0	0.0	2.2294595897640348e-33	0.0	0.0	0.0	0.0
ti|76114|org|Aromatoleum_aromaticum_EbN1	0.0	0.0	0.0	0.0	0.0	3.910867813222097e-14	5.9942455242966753e-05	9.0	1.3320545609548167e-05	4.662190963341858e-05
ti|760570|org|Streptococcus_parasanguinis_ATCC_15912	0.0	0.0	0.0	0.0	0.0	4.346500230056784e-07	1.3320545609548167e-05	2.0	0.0	2.6641091219096334e-05
ti|759913|org|Streptococcus_dysgalactiae_subsp._equisimilis_AC-2713	0.0	0.0	0.0	0.0	0.0	1.2279616042705087e-10	0.0	0.0	0.0	0.0
ti|759350|org|Bifidobacterium_longum_subsp._longum_JDM301	0.0	0.0	0.0	0.0	0.0	1.2789288818979708e-05	6.396216534483799e-06	0.9603535353535355	0.0	5.9942455242966753e-05
ti|758678|org|Clostridium_botulinum_F_str._230613	0.0	0.0	0.0	0.0	0.0	2.0491965583788986e-14	1.5947653215875726e-05	2.394444444444445	0.0	0.00010656436487638534
ti|75379|org|Thiomonas_intermedia_K12	0.0	0.0	0.0	0.0	0.0	7.311695024154109e-16	3.3301364023870418e-06	0.5	0.0	6.6602728047740835e-06
ti|748727|org|Clostridium_ljungdahlii_DSM_13528	0.0	0.0	0.0	0.0	0.0	1.4342073985087044e-16	0.0	0.0	0.0	0.0
ti|748280|org|Pseudogulbenkiania_sp._NH8B	0.0	0.0	0.0	0.0	0.0	1.130153147141539e-15	0.0	0.0	0.0	0.0
ti|746361|org|Lactococcus_lactis_subsp._cremoris_NZ9000	0.0	0.0	0.0	0.0	0.0	1.1288049707563686e-06	2.4050985128350857e-06	0.3611111111111111	0.0	1.9980818414322252e-05
ti|743973|org|Taylorella_equigenitalis_ATCC_35865	0.0	0.0	0.0	0.0	0.0	3.200963171146154e-17	0.0	0.0	0.0	0.0
ti|743722|org|Sphingobacterium_sp._21	0.0	0.0	0.0	0.0	0.0	2.280237225746635e-32	0.0	0.0	0.0	0.0
ti|742729|org|Bifidobacterium_animalis_subsp._lactis_Bi-07	0.0	0.0	0.0	0.0	0.0	1.2524128276984474e-05	1.975112069421532e-05	2.9655122655122654	0.0	0.00015318627450980392
ti|742013|org|Delftia_sp._Cs1-4	0.0	0.0	0.0	0.0	0.0	7.460422082770862e-16	0.0	0.0	0.0	0.0
ti|722911|org|Bifidobacterium_longum_subsp._longum_F8	0.0	0.0	0.0	0.0	0.0	1.216393733496133e-05	1.4938280703146433e-05	2.242893217893218	0.0	0.00011322463768115942
ti|717785|org|Hyphomicrobium_sp._MC1	0.0	0.0	0.0	0.0	0.0	1.4367931600371218e-17	0.0	0.0	0.0	0.0
ti|717605|org|Thermobacillus_composti_KWC4	0.0	0.0	0.0	0.0	0.0	2.7420572720919154e-33	0.0	0.0	0.0	0.0
ti|714313|org|Lactobacillus_sanfranciscensis_TMW_1.1304	0.0	0.0	0.0	0.0	0.0	6.98668113423416e-16	0.0	0.0	0.0	0.0
ti|713604|org|Amycolatopsis_mediterranei_S699	0.0	0.0	0.0	0.0	0.0	1.1771171426168684e-14	0.0	0.0	0.0	0.0
ti|706587|org|Desulfomonile_tiedjei_DSM_6799	0.0	0.0	0.0	0.0	0.0	2.4219721248427843e-17	0.0	0.0	0.0	0.0
ti|703613|org|Bifidobacterium_animalis_subsp._animalis_ATCC_25527	0.0	0.0	0.0	0.0	0.0	9.466224358785927e-07	1.345509657530118e-06	0.20202020202020202	0.0	1.3320545609548167e-05
ti|702459|org|Bifidobacterium_bifidum_PRL2010	0.0	0.0	0.0	0.0	0.0	1.2137686499048417e-08	2.2200909349246945e-06	0.3333333333333333	0.0	6.6602728047740835e-06
ti|699033|org|Clostridium_difficile_2007855	0.0	0.0	0.0	0.0	0.0	1.3170612256168035e-07	9.122723666761389e-05	13.69722222222222	6.6602728047740835e-06	0.00046621909633418583
ti|699032|org|Clostridium_difficile_BI9	0.0	0.0	0.0	0.0	0.0	2.7510453519002127e-10	3.565888915952854e-05	5.353968253968254	6.6602728047740835e-06	0.00013986572890025575
ti|697283|org|Streptococcus_pneumoniae_gamPNI0373	0.0	0.0	0.0	0.0	0.0	3.461388839309309e-07	3.5788154194484117e-06	0.5373376623376623	0.0	2.6641091219096334e-05
ti|696406|org|Escherichia_coli_UMNK88	0.0	0.0	0.0	0.0	0.0	1.0075820207629002e-06	1.844383238245131e-06	0.27692307692307694	0.0	1.3320545609548167e-05
ti|691437|org|Geobacillus_sp._C56-T3	0.0	0.0	0.0	0.0	0.0	4.50540239589699e-12	0.0	0.0	0.0	0.0
ti|690850|org|Desulfovibrio_africanus_str._Walvis_Bay	0.0	0.0	0.0	0.0	0.0	1.4364382108013072e-13	1.9980818414322252e-05	3.0	1.9980818414322252e-05	0.0
ti|684738|org|Lactococcus_lactis_subsp._lactis_KF147	0.0	0.0	0.0	0.0	0.0	1.1288049707595882e-06	2.4050985128350857e-06	0.3611111111111111	0.0	1.9980818414322252e-05
ti|675635|org|Pseudonocardia_dioxanivorans_CB1190	0.0	0.0	0.0	0.0	0.0	2.4723053324178464e-14	0.0	0.0	0.0	0.0
ti|667014|org|Thermodesulfatator_indicus_DSM_15286	0.0	0.0	0.0	0.0	0.0	1.170508775972889e-32	0.0	0.0	0.0	0.0
ti|666685|org|Rhodanobacter_sp._2APBS1	0.0	0.0	0.0	0.0	0.0	2.2467961781340246e-33	0.0	0.0	0.0	0.0
ti|666681|org|Methylotenera_versatilis_301	0.0	0.0	0.0	0.0	0.0	1.5662614986953562e-16	0.0	0.0	0.0	0.0
ti|663954|org|Streptococcus_dysgalactiae_subsp._equisimilis_ATCC_12394	0.0	0.0	0.0	0.0	0.0	1.5855552254206265e-11	0.0	0.0	0.0	0.0
ti|662598|org|Neisseria_meningitidis_alpha14	0.0	0.0	0.0	0.0	0.0	7.852283283551236e-16	7.400303116415648e-07	0.1111111111111111	0.0	6.6602728047740835e-06
ti|656024|org|Frankia_symbiont_of_Datisca_glomerata	0.0	0.0	0.0	0.0	0.0	1.2106527761156903e-15	0.0	0.0	0.0	0.0
ti|655816|org|Bacillus_subtilis_subsp._spizizenii_str._W23	0.0	0.0	0.0	0.0	0.0	3.5883782672381235e-10	0.0	0.0	0.0	0.0
ti|644966|org|Thermaerobacter_marianensis_DSM_12885	0.0	0.0	0.0	0.0	0.0	3.462457715497433e-33	0.0	0.0	0.0	0.0
ti|644801|org|Pseudomonas_stutzeri_RCH2	0.0	0.0	0.0	0.0	0.0	5.247916261501499e-15	0.0	0.0	0.0	0.0
ti|644284|org|Arcanobacterium_haemolyticum_DSM_20595	0.0	0.0	0.0	0.0	0.0	3.397912304619583e-16	0.0	0.0	0.0	0.0
ti|644283|org|Micromonospora_aurantiaca_ATCC_27029	0.0	0.0	0.0	0.0	0.0	1.9109287674887906e-15	0.0	0.0	0.0	0.0
ti|643561|org|Acidovorax_avenae_subsp._avenae_ATCC_19860	0.0	0.0	0.0	0.0	0.0	2.5449100095108023e-16	0.0	0.0	0.0	0.0
ti|641491|org|Desulfovibrio_desulfuricans_ND132	0.0	0.0	0.0	0.0	0.0	6.877619537461722e-14	0.0	0.0	0.0	0.0
ti|640512|org|Burkholderia_sp._CCGE1003	0.0	0.0	0.0	0.0	0.0	1.5380821723798198e-14	7.77031827223643e-06	1.1666666666666665	0.0	1.9980818414322252e-05
ti|640510|org|Burkholderia_sp._CCGE1001	0.0	0.0	0.0	0.0	0.0	2.6173130446144704e-14	4.440181869849389e-06	0.6666666666666666	0.0	1.3320545609548167e-05
ti|640081|org|Dechlorosoma_suillum_PS	0.0	0.0	0.0	0.0	0.0	1.8432087424988124e-17	0.0	0.0	0.0	0.0
ti|637909|org|Streptococcus_gallolyticus_UCN34	0.0	0.0	0.0	0.0	0.0	1.4428676222810873e-16	0.0	0.0	0.0	0.0
ti|635013|org|Thermincola_potens_JR	0.0	0.0	0.0	0.0	0.0	1.9178946806771988e-16	0.0	0.0	0.0	0.0
ti|632518|org|Caldicellulosiruptor_owensensis_OL	0.0	0.0	0.0	0.0	0.0	7.69660654018285e-18	0.0	0.0	0.0	0.0
ti|632516|org|Caldicellulosiruptor_lactoaceticus_6A	0.0	0.0	0.0	0.0	0.0	3.099590040958379e-18	0.0	0.0	0.0	0.0
ti|632348|org|Caldicellulosiruptor_kronotskyensis_2002	0.0	0.0	0.0	0.0	0.0	8.667159388215128e-17	2.2200909349246945e-06	0.3333333333333333	0.0	6.6602728047740835e-06
ti|632335|org|Caldicellulosiruptor_kristjanssonii_177R1B	0.0	0.0	0.0	0.0	0.0	3.0995900409583773e-18	0.0	0.0	0.0	0.0
ti|630588|org|Neisseria_meningitidis_alpha710	0.0	0.0	0.0	0.0	0.0	1.2234013300170951e-18	0.0	0.0	0.0	0.0
ti|62928|org|Azoarcus_sp._BH72	0.0	0.0	0.0	0.0	0.0	1.6719824038690772e-14	6.6602728047740835e-06	1.0	0.0	6.6602728047740835e-06
ti|626418|org|Burkholderia_glumae_BGR1	0.0	0.0	0.0	0.0	0.0	1.269703343369306e-15	0.0	0.0	0.0	0.0
ti|617121|org|Streptococcus_dysgalactiae_subsp._equisimilis_RE378	0.0	0.0	0.0	0.0	0.0	6.147781506419833e-16	0.0	0.0	0.0	0.0
ti|608506|org|Caldicellulosiruptor_obsidiansis_OB47	0.0	0.0	0.0	0.0	0.0	7.696606540182872e-18	0.0	0.0	0.0	0.0
ti|604162|org|Neisseria_meningitidis_8013	0.0	0.0	0.0	0.0	0.0	1.1944609306919751e-17	0.0	0.0	0.0	0.0
ti|596154|org|Alicycliphilus_denitrificans_K601	0.0	0.0	0.0	0.0	0.0	5.4269525810616596e-17	0.0	0.0	0.0	0.0
ti|596153|org|Alicycliphilus_denitrificans_BC	0.0	0.0	0.0	0.0	0.0	1.9518281601203953e-16	0.0	0.0	0.0	0.0
ti|595537|org|Variovorax_paradoxus_EPS	0.0	0.0	0.0	0.0	0.0	5.3943106766059464e-18	0.0	0.0	0.0	0.0
ti|595495|org|Escherichia_coli_KO11FL	0.0	0.0	0.0	0.0	0.0	8.808859516919815e-09	0.0	0.0	0.0	0.0
ti|591365|org|Streptococcus_intermedius_JTH08	0.0	0.0	0.0	0.0	0.0	5.968898211950665e-08	6.6602728047740835e-06	1.0	6.6602728047740835e-06	0.0
ti|591001|org|Acidaminococcus_fermentans_DSM_20731	0.0	0.0	0.0	0.0	0.0	1.1075187953283702e-16	3.3301364023870418e-06	0.5	0.0	6.6602728047740835e-06
ti|585397|org|Escherichia_coli_ED1a	0.0	0.0	0.0	0.0	0.0	4.6867066545961776e-07	6.05479345888553e-07	0.09090909090909091	0.0	6.6602728047740835e-06
ti|585396|org|Escherichia_coli_O111:H-_str._11128	0.0	0.0	0.0	0.0	0.0	2.9383007997825323e-07	0.0	0.0	0.0	0.0
ti|585057|org|Escherichia_coli_IAI39	0.0	0.0	0.0	0.0	0.0	2.9383003837967745e-07	0.0	0.0	0.0	0.0
ti|585055|org|Escherichia_coli_55989	0.0	0.0	0.0	0.0	0.0	4.6769152142967476e-07	6.05479345888553e-07	0.09090909090909091	0.0	6.6602728047740835e-06
ti|585034|org|Escherichia_coli_IAI1	0.0	0.0	0.0	0.0	0.0	4.6769152142967476e-07	6.05479345888553e-07	0.09090909090909091	0.0	6.6602728047740835e-06
ti|583346|org|Clostridium_kluyveri_NBRC_12016	0.0	0.0	0.0	0.0	0.0	7.68922891313564e-17	0.0	0.0	0.0	0.0
ti|583345|org|Methylotenera_mobilis_JLW8	0.0	0.0	0.0	0.0	0.0	2.1117411605315843e-16	0.0	0.0	0.0	0.0
ti|582744|org|Methylovorus_glucosetrophus_SIP3-4	0.0	0.0	0.0	0.0	0.0	2.1490049130201686e-18	0.0	0.0	0.0	0.0
ti|581103|org|Geobacillus_sp._Y4.1MC1	0.0	0.0	0.0	0.0	0.0	4.472725767100886e-16	0.0	0.0	0.0	0.0
ti|580332|org|Sideroxydans_lithotrophicus_ES-1	0.0	0.0	0.0	0.0	0.0	1.5005818976100535e-15	1.3320545609548167e-05	2.0	0.0	1.3320545609548167e-05
ti|580331|org|Thermoanaerobacter_italicus_Ab9	0.0	0.0	0.0	0.0	0.0	1.8615913109337216e-18	0.0	0.0	0.0	0.0
ti|580050|org|Bifidobacterium_animalis_subsp._lactis_Bl-04	0.0	0.0	0.0	0.0	0.0	1.97629737352289e-05	2.62369577826739e-05	3.93932178932179	0.0	0.0001665068201193521
ti|577650|org|Desulfobulbus_propionicus_DSM_2032	0.0	0.0	0.0	0.0	0.0	5.284200272927361e-17	0.0	0.0	0.0	0.0
ti|574093|org|Streptococcus_pneumoniae_AP200	0.0	0.0	0.0	0.0	0.0	3.6176578042216655e-07	1.913747218254891e-06	0.28733766233766234	0.0	1.9980818414322252e-05
ti|573370|org|Desulfovibrio_magneticus_RS-1	0.0	0.0	0.0	0.0	0.0	4.325876873794933e-14	0.0	0.0	0.0	0.0
ti|573236|org|Bifidobacterium_animalis_subsp._lactis_V9	0.0	0.0	0.0	0.0	0.0	2.0386607867549178e-05	3.56802731523e-05	5.357178932178931	0.0	0.00021312872975277067
ti|573235|org|Escherichia_coli_O26:H11_str._11368	0.0	0.0	0.0	0.0	0.0	2.9383003837967745e-07	0.0	0.0	0.0	0.0
ti|573062|org|Thermoanaerobacter_sp._X513	0.0	0.0	0.0	0.0	0.0	3.131495208025832e-33	0.0	0.0	0.0	0.0
ti|573061|org|Clostridium_cellulovorans_743B	0.0	0.0	0.0	0.0	0.0	3.7020232356929534e-16	6.6602728047740835e-06	1.0	0.0	6.6602728047740835e-06
ti|573059|org|Desulfovibrio_vulgaris_RCH1	0.0	0.0	0.0	0.0	0.0	2.1912352082212353e-12	1.3320545609548167e-05	2.0	0.0	1.9980818414322252e-05
ti|572544|org|Ilyobacter_polytropus_DSM_2926	0.0	0.0	0.0	0.0	0.0	6.560753548700353e-14	0.0	0.0	0.0	0.0
ti|572265|org|Candidatus_Hamiltonella_defensa_5AT_(Acyrthosiphon_pisum)	0.0	0.0	0.0	0.0	0.0	2.898540934555905e-18	0.0	0.0	0.0	0.0
ti|568814|org|Streptococcus_suis_BM407	0.0	0.0	0.0	0.0	0.0	1.7593457977176012e-07	8.325341005967604e-07	0.125	0.0	6.6602728047740835e-06
ti|568813|org|Streptococcus_suis_SC84	0.0	0.0	0.0	0.0	0.0	3.0617072447806274e-08	0.0	0.0	0.0	0.0
ti|565655|org|Enterococcus_casseliflavus_EC20	0.0	0.0	0.0	0.0	0.0	5.093319983706526e-09	0.0	0.0	0.0	0.0
ti|565042|org|Bifidobacterium_longum_subsp._longum_JCM_1217	0.0	0.0	0.0	0.0	0.0	1.8302856107234636e-05	5.582183191678076e-06	0.8381313131313131	0.0	5.328218243819267e-05
ti|565040|org|Bifidobacterium_longum_subsp._infantis_157F	0.0	0.0	0.0	0.0	0.0	1.3894073169086844e-05	6.969740026006011e-06	1.0464646464646465	0.0	6.660272804774084e-05
ti|561276|org|Streptococcus_pneumoniae_ATCC_700669	0.0	0.0	0.0	0.0	0.0	5.65523775797992e-07	1.308267872366338e-06	0.19642857142857142	0.0	1.3320545609548167e-05
ti|557722|org|Pseudomonas_aeruginosa_LESB58	0.0	0.0	0.0	0.0	0.0	4.595276694436118e-15	0.0	0.0	0.0	0.0
ti|555970|org|Bifidobacterium_animalis_subsp._lactis_DSM_10140	0.0	0.0	0.0	0.0	0.0	1.5379061432284135e-05	2.8520479887167867e-05	4.282178932178932	0.0	0.00019314791133844843
ti|554290|org|Salmonella_enterica_subsp._enterica_serovar_Paratyphi_A_str.	0.0	0.0	0.0	0.0	0.0	1.692678170935808e-14	0.0	0.0	0.0	0.0
ti|553482|org|Streptococcus_equi_subsp._equi_4047	0.0	0.0	0.0	0.0	0.0	1.0134670900119744e-07	2.2200909349246945e-06	0.3333333333333333	0.0	6.6602728047740835e-06
ti|553190|org|Gardnerella_vaginalis_409-05	0.0	0.0	0.0	0.0	0.0	1.0559182282430532e-13	0.0	0.0	0.0	0.0
ti|552526|org|Streptococcus_equi_subsp._zooepidemicus_MGCS10565	0.0	0.0	0.0	0.0	0.0	6.211279596851516e-08	2.2200909349246945e-06	0.3333333333333333	0.0	6.6602728047740835e-06
ti|550542|org|Geobacillus_sp._Y412MC52	0.0	0.0	0.0	0.0	0.0	8.156061625364406e-16	0.0	0.0	0.0	0.0
ti|548479|org|Mobiluncus_curtisii_ATCC_43063	0.0	0.0	0.0	0.0	0.0	5.158022412560289e-34	0.0	0.0	0.0	0.0
ti|546271|org|Selenomonas_sputigena_ATCC_35185	0.0	0.0	0.0	0.0	0.0	1.2812220040806532e-15	0.0	0.0	0.0	0.0
ti|546269|org|Filifactor_alocis_ATCC_35896	0.0	0.0	0.0	0.0	0.0	2.1561594311139152e-16	0.0	0.0	0.0	0.0
ti|544556|org|Geobacillus_sp._Y412MC61	0.0	0.0	0.0	0.0	0.0	5.404136826589486e-19	0.0	0.0	0.0	0.0
ti|543913|org|beta_proteobacterium_CB	0.0	0.0	0.0	0.0	0.0	5.38566030710488e-16	0.0	0.0	0.0	0.0
ti|543728|org|Variovorax_paradoxus_S110	0.0	0.0	0.0	0.0	0.0	1.506378791236936e-17	0.0	0.0	0.0	0.0
ti|536232|org|Clostridium_botulinum_A2_str._Kyoto	0.0	0.0	0.0	0.0	0.0	2.5670200237908927e-14	1.51864791810444e-05	2.2801587301587305	0.0	9.990409207161125e-05
ti|536230|org|Burkholderia_pseudomallei_MSHR346	0.0	0.0	0.0	0.0	0.0	9.43675892101811e-16	0.0	0.0	0.0	0.0
ti|536056|org|Escherichia_coli_DH1	0.0	0.0	0.0	0.0	0.0	7.738387318236919e-07	3.176437799199948e-06	0.47692307692307695	0.0	1.9980818414322252e-05
ti|535289|org|Acidovorax_ebreus_TPSY	0.0	0.0	0.0	0.0	0.0	3.791787430684442e-17	0.0	0.0	0.0	0.0
ti|526222|org|Desulfovibrio_salexigens_DSM_2638	0.0	0.0	0.0	0.0	0.0	5.469046105585344e-12	0.0	0.0	0.0	0.0
ti|525381|org|Streptococcus_pneumoniae_TCH8431/19A	0.0	0.0	0.0	0.0	0.0	3.687449458852806e-07	1.6650682011935209e-06	0.25	0.0	1.3320545609548167e-05
ti|525284|org|Gardnerella_vaginalis_ATCC_14019	0.0	0.0	0.0	0.0	0.0	1.1269437343096737e-11	0.0	0.0	0.0	0.0
ti|521460|org|Caldicellulosiruptor_bescii_DSM_6725	0.0	0.0	0.0	0.0	0.0	7.517663856601078e-17	2.2200909349246945e-06	0.3333333333333333	0.0	6.6602728047740835e-06
ti|521006|org|Neisseria_gonorrhoeae_NCCP11945	0.0	0.0	0.0	0.0	0.0	9.948069795553249e-16	0.0	0.0	0.0	0.0
ti|516950|org|Streptococcus_pneumoniae_CGSP14	0.0	0.0	0.0	0.0	0.0	5.198178004593645e-08	2.140801972963098e-06	0.3214285714285714	0.0	1.9980818414322252e-05
ti|515622|org|Butyrivibrio_proteoclasticus_B316	0.0	0.0	0.0	0.0	0.0	1.0048250287662191e-08	1.3320545609548167e-05	2.0	6.6602728047740835e-06	6.6602728047740835e-06
ti|515621|org|Clostridium_botulinum_Ba4_str._657	0.0	0.0	0.0	0.0	0.0	2.361675447254692e-14	1.729556556922286e-05	2.596825396825397	0.0	0.00011988491048593351
ti|512566|org|Streptococcus_pneumoniae_G54	0.0	0.0	0.0	0.0	0.0	4.83837689753307e-07	2.270547547082074e-06	0.34090909090909094	0.0	1.9980818414322252e-05
ti|512565|org|Actinoplanes_missouriensis_431	0.0	0.0	0.0	0.0	0.0	1.9109287674887906e-15	0.0	0.0	0.0	0.0
ti|511691|org|Streptococcus_mutans_NN2025	0.0	0.0	0.0	0.0	0.0	5.892979991579436e-13	3.3301364023870418e-06	0.5	0.0	6.6602728047740835e-06
ti|509193|org|Thermoanaerobacter_brockii_subsp._finnii_Ako-1	0.0	0.0	0.0	0.0	0.0	7.14162313215518e-34	0.0	0.0	0.0	0.0
ti|508767|org|Clostridium_botulinum_E3_str._Alaska_E43	0.0	0.0	0.0	0.0	0.0	1.027934399577582e-14	3.663150042625746e-05	5.5	0.0	7.326300085251492e-05
ti|498214|org|Clostridium_botulinum_A3_str._Loch_Maree	0.0	0.0	0.0	0.0	0.0	1.1374459041541114e-14	1.1856342778657358e-05	1.7801587301587303	0.0	9.324381926683717e-05
ti|498213|org|Clostridium_botulinum_B1_str._Okra	0.0	0.0	0.0	0.0	0.0	2.6664646210856452e-14	1.3402477536908482e-05	2.0123015873015873	0.0	9.324381926683717e-05
ti|491915|org|Anoxybacillus_flavithermus_WK1	0.0	0.0	0.0	0.0	0.0	1.8021787374269764e-10	0.0	0.0	0.0	0.0
ti|489653|org|Neisseria_lactamica_020-06	0.0	0.0	0.0	0.0	0.0	5.0142050726527556e-18	0.0	0.0	0.0	0.0
ti|488538|org|Candidatus_Puniceispirillum_marinum_IMCC1322	0.0	0.0	0.0	0.0	0.0	9.535473331244965e-34	0.0	0.0	0.0	0.0
ti|488222|org|Streptococcus_pneumoniae_JJA	0.0	0.0	0.0	0.0	0.0	1.487709926302094e-07	8.325341005967604e-07	0.125	0.0	6.6602728047740835e-06
ti|488221|org|Streptococcus_pneumoniae_70585	0.0	0.0	0.0	0.0	0.0	4.901205316008245e-07	1.4380134464853136e-06	0.2159090909090909	0.0	1.3320545609548167e-05
ti|487215|org|Streptococcus_pyogenes_Alab49	0.0	0.0	0.0	0.0	0.0	1.547912918889024e-11	0.0	0.0	0.0	0.0
ti|487214|org|Streptococcus_pneumoniae_Hungary19A-6	0.0	0.0	0.0	0.0	0.0	5.904871458563001e-07	1.308267872366338e-06	0.19642857142857142	0.0	1.3320545609548167e-05
ti|487213|org|Streptococcus_pneumoniae_Taiwan19F-14	0.0	0.0	0.0	0.0	0.0	1.6708386418869483e-07	2.140801972963098e-06	0.3214285714285714	0.0	1.9980818414322252e-05
ti|486410|org|Streptococcus_dysgalactiae_subsp._equisimilis_GGS_124	0.0	0.0	0.0	0.0	0.0	2.185626965398873e-11	0.0	0.0	0.0	0.0
ti|485917|org|Pedobacter_heparinus_DSM_2366	0.0	0.0	0.0	0.0	0.0	2.4879723388281974e-32	0.0	0.0	0.0	0.0
ti|485915|org|Desulfohalobium_retbaense_DSM_5692	0.0	0.0	0.0	0.0	0.0	2.561517598003405e-14	0.0	0.0	0.0	0.0
ti|484020|org|Bifidobacterium_bifidum_BGN4	0.0	0.0	0.0	0.0	0.0	2.2189320241015986e-08	2.2200909349246945e-06	0.3333333333333333	0.0	6.6602728047740835e-06
ti|483219|org|Myxococcus_fulvus_HW-1	0.0	0.0	0.0	0.0	0.0	4.142555594657947e-17	0.0	0.0	0.0	0.0
ti|481805|org|Escherichia_coli_ATCC_8739	0.0	0.0	0.0	0.0	0.0	7.142483543235193e-07	5.123286772903142e-07	0.07692307692307693	0.0	6.6602728047740835e-06
ti|481743|org|Paenibacillus_sp._Y412MC10	0.0	0.0	0.0	0.0	0.0	1.7693705352481226e-17	1.3320545609548167e-05	2.0	1.3320545609548167e-05	0.0
ti|474186|org|Enterococcus_faecalis_OG1RF	0.0	0.0	0.0	0.0	0.0	2.032161978216092e-15	4.162670502983802e-06	0.625	0.0	1.3320545609548167e-05
ti|472759|org|Nitrosococcus_halophilus_Nc4	0.0	0.0	0.0	0.0	0.0	4.647952322766639e-34	0.0	0.0	0.0	0.0
ti|471876|org|Streptococcus_pyogenes_NZ131	0.0	0.0	0.0	0.0	0.0	8.81181548038986e-12	0.0	0.0	0.0	0.0
ti|471855|org|Slackia_heliotrinireducens_DSM_20476	0.0	0.0	0.0	0.0	0.0	6.126774520668606e-11	6.6602728047740835e-06	1.0	6.6602728047740835e-06	0.0
ti|471853|org|Beutenbergia_cavernae_DSM_12333	0.0	0.0	0.0	0.0	0.0	5.448299407390643e-15	0.0	0.0	0.0	0.0
ti|469378|org|Cryptobacterium_curtum_DSM_15641	0.0	0.0	0.0	0.0	0.0	1.5395813150226375e-14	0.0	0.0	0.0	0.0
ti|469008|org|Escherichia_coli_BL21(DE3)	0.0	0.0	0.0	0.0	0.0	7.137440892388457e-07	5.123286772903142e-07	0.07692307692307693	0.0	6.6602728047740835e-06
ti|467705|org|Streptococcus_gordonii_str._Challis_substr._CH1	0.0	0.0	0.0	0.0	0.0	4.457848121932562e-07	6.6602728047740835e-06	1.0	0.0	6.6602728047740835e-06
ti|465515|org|Micrococcus_luteus_NCTC_2665	0.0	0.0	0.0	0.0	0.0	4.629980320471276e-16	0.0	0.0	0.0	0.0
ti|457570|org|Natranaerobius_thermophilus_JW/NM-WN-LF	0.0	0.0	0.0	0.0	0.0	2.963151369611208e-17	0.0	0.0	0.0	0.0
ti|455488|org|Anaeromyxobacter_dehalogenans_2CP-1	0.0	0.0	0.0	0.0	0.0	3.7502350150775e-17	2.2200909349246945e-06	0.3333333333333333	0.0	6.6602728047740835e-06
ti|452638|org|Polynucleobacter_necessarius_subsp._necessarius_STIR1	0.0	0.0	0.0	0.0	0.0	2.3440468212378555e-16	0.0	0.0	0.0	0.0
ti|450851|org|Phenylobacterium_zucineum_HLK1	0.0	0.0	0.0	0.0	0.0	1.891384798597447e-33	0.0	0.0	0.0	0.0
ti|447217|org|Anaeromyxobacter_sp._K	0.0	0.0	0.0	0.0	0.0	2.6547481071147436e-17	2.2200909349246945e-06	0.3333333333333333	0.0	6.6602728047740835e-06
ti|446465|org|Brachybacterium_faecium_DSM_4810	0.0	0.0	0.0	0.0	0.0	2.816450509623893e-15	0.0	0.0	0.0	0.0
ti|444450|org|Escherichia_coli_O157:H7_str._EC4115	0.0	0.0	0.0	0.0	0.0	6.764851877220415e-13	0.0	0.0	0.0	0.0
ti|443906|org|Clavibacter_michiganensis_subsp._michiganensis_NCPPB_382	0.0	0.0	0.0	0.0	0.0	1.7058308600809414e-16	0.0	0.0	0.0	0.0
ti|441772|org|Clostridium_botulinum_F_str._Langeland	0.0	0.0	0.0	0.0	0.0	9.12442711867668e-15	1.2855383699373469e-05	1.9301587301587302	0.0	9.324381926683717e-05
ti|441771|org|Clostridium_botulinum_A_str._Hall	0.0	0.0	0.0	0.0	0.0	3.1266101979857273e-14	1.2569943436311724e-05	1.8873015873015875	0.0	8.658354646206308e-05
ti|441770|org|Clostridium_botulinum_A_str._ATCC_19397	0.0	0.0	0.0	0.0	0.0	1.8461554417362477e-14	1.3291472990162249e-05	1.9956349206349207	0.0	9.324381926683717e-05
ti|439235|org|Desulfatibacillum_alkenivorans_AK-01	0.0	0.0	0.0	0.0	0.0	6.28490205336591e-18	0.0	0.0	0.0	0.0
ti|431943|org|Clostridium_kluyveri_DSM_555	0.0	0.0	0.0	0.0	0.0	4.664202973241221e-33	0.0	0.0	0.0	0.0
ti|426114|org|Thiomonas_sp._3As	0.0	0.0	0.0	0.0	0.0	1.0640287284344098e-15	3.3301364023870418e-06	0.5	0.0	6.6602728047740835e-06
ti|423211|org|Streptococcus_suis_GZ1	0.0	0.0	0.0	0.0	0.0	7.385716423096574e-08	0.0	0.0	0.0	0.0
ti|420890|org|Lactococcus_garvieae_Lg2	0.0	0.0	0.0	0.0	0.0	1.8597976685491147e-17	0.0	0.0	0.0	0.0
ti|420889|org|Lactococcus_garvieae_ATCC_49156	0.0	0.0	0.0	0.0	0.0	3.622350566064495e-13	0.0	0.0	0.0	0.0
ti|420662|org|Methylibium_petroleiphilum_PM1	0.0	0.0	0.0	0.0	0.0	5.483839992067062e-17	0.0	0.0	0.0	0.0
ti|420246|org|Geobacillus_thermodenitrificans_NG80-2	0.0	0.0	0.0	0.0	0.0	1.481491426116462e-16	0.0	0.0	0.0	0.0
ti|416344|org|Burkholderia_sp._KJ006	0.0	0.0	0.0	0.0	0.0	3.786396725480148e-17	0.0	0.0	0.0	0.0
ti|413997|org|Escherichia_coli_B_str._REL606	0.0	0.0	0.0	0.0	0.0	7.319286007979026e-07	5.123286772903142e-07	0.07692307692307693	0.0	6.6602728047740835e-06
ti|412022|org|Burkholderia_mallei_NCTC_10229	0.0	0.0	0.0	0.0	0.0	2.4881408813909763e-16	0.0	0.0	0.0	0.0
ti|409438|org|Escherichia_coli_SE11	0.0	0.0	0.0	0.0	0.0	4.7357267046762987e-07	6.05479345888553e-07	0.09090909090909091	0.0	6.6602728047740835e-06
ti|406425|org|Burkholderia_cenocepacia_MC0-3	0.0	0.0	0.0	0.0	0.0	1.5658696545268138e-15	0.0	0.0	0.0	0.0
ti|404589|org|Anaeromyxobacter_sp._Fw109-5	0.0	0.0	0.0	0.0	0.0	1.9277254248760642e-17	0.0	0.0	0.0	0.0
ti|401473|org|Bifidobacterium_dentium_Bd1	0.0	0.0	0.0	0.0	0.0	3.095676593076328e-07	0.0	0.0	0.0	0.0
ti|40041|org|Streptococcus_equi_subsp._zooepidemicus	0.0	0.0	0.0	0.0	0.0	3.233669143886026e-09	3.3301364023870418e-06	0.5	6.6602728047740835e-06	0.0
ti|399739|org|Pseudomonas_mendocina_ymp	0.0	0.0	0.0	0.0	0.0	3.272228548833408e-14	3.3301364023870418e-06	0.5	0.0	6.6602728047740835e-06
ti|399726|org|Thermoanaerobacter_sp._X514	0.0	0.0	0.0	0.0	0.0	1.8615913109337216e-18	0.0	0.0	0.0	0.0
ti|398578|org|Delftia_acidovorans_SPH-1	0.0	0.0	0.0	0.0	0.0	6.166532927406066e-16	0.0	0.0	0.0	0.0
ti|398577|org|Burkholderia_ambifaria_MC40-6	0.0	0.0	0.0	0.0	0.0	2.903853519187366e-16	0.0	0.0	0.0	0.0
ti|398527|org|Burkholderia_phytofirmans_PsJN	0.0	0.0	0.0	0.0	0.0	7.504574734979556e-15	0.0	0.0	0.0	0.0
ti|397945|org|Acidovorax_citrulli_AAC00-1	0.0	0.0	0.0	0.0	0.0	2.4381114521747037e-16	0.0	0.0	0.0	0.0
ti|395495|org|Leptothrix_cholodnii_SP-6	0.0	0.0	0.0	0.0	0.0	6.970881997823574e-16	0.0	0.0	0.0	0.0
ti|395494|org|Gallionella_capsiferriformans_ES-2	0.0	0.0	0.0	0.0	0.0	2.7927534589447866e-16	0.0	0.0	0.0	0.0
ti|395019|org|Burkholderia_multivorans_ATCC_17616	0.0	0.0	0.0	0.0	0.0	5.885330034504761e-15	0.0	0.0	0.0	0.0
ti|394221|org|Maricaulis_maris_MCS10	0.0	0.0	0.0	0.0	0.0	2.7319535214300098e-17	0.0	0.0	0.0	0.0
ti|393595|org|Alcanivorax_borkumensis_SK2	0.0	0.0	0.0	0.0	0.0	1.0122576072318515e-17	0.0	0.0	0.0	0.0
ti|391774|org|Desulfovibrio_vulgaris_DP4	0.0	0.0	0.0	0.0	0.0	2.50151980140361e-12	0.0	0.0	0.0	0.0
ti|391735|org|Verminephrobacter_eiseniae_EF01-2	0.0	0.0	0.0	0.0	0.0	1.3896632469630494e-15	0.0	0.0	0.0	0.0
ti|391626|org|Octadecabacter_antarcticus_307	0.0	0.0	0.0	0.0	0.0	2.158425296831535e-17	6.6602728047740835e-06	1.0	6.6602728047740835e-06	0.0
ti|391296|org|Streptococcus_suis_98HAH33	0.0	0.0	0.0	0.0	0.0	1.0429713011244898e-08	8.325341005967604e-07	0.125	0.0	6.6602728047740835e-06
ti|391295|org|Streptococcus_suis_05ZYH33	0.0	0.0	0.0	0.0	0.0	1.7627070322477366e-08	6.6602728047740835e-06	1.0	0.0	6.6602728047740835e-06
ti|391038|org|Burkholderia_phymatum_STM815	0.0	0.0	0.0	0.0	0.0	1.3488538604761175e-15	0.0	0.0	0.0	0.0
ti|391037|org|Salinispora_arenicola_CNS-205	0.0	0.0	0.0	0.0	0.0	7.706095972074364e-15	0.0	0.0	0.0	0.0
ti|390333|org|Lactobacillus_delbrueckii_subsp._bulgaricus_ATCC_11842	0.0	0.0	0.0	0.0	0.0	1.3744415643086017e-05	4.440181869849389e-06	0.6666666666666666	0.0	1.3320545609548167e-05
ti|386415|org|Clostridium_novyi_NT	0.0	0.0	0.0	0.0	0.0	6.5015704654887604e-15	1.3320545609548167e-05	2.0	0.0	1.3320545609548167e-05
ti|384676|org|Pseudomonas_entomophila_L48	0.0	0.0	0.0	0.0	0.0	8.17359840197915e-15	0.0	0.0	0.0	0.0
ti|381666|org|Ralstonia_eutropha_H16	0.0	0.0	0.0	0.0	0.0	6.089813523743146e-14	3.9961636828644505e-05	6.0	2.6641091219096334e-05	1.3320545609548167e-05
ti|379731|org|Pseudomonas_stutzeri_A1501	0.0	0.0	0.0	0.0	0.0	5.026127084739006e-16	0.0	0.0	0.0	0.0
ti|375286|org|Janthinobacterium_sp._Marseille	0.0	0.0	0.0	0.0	0.0	1.7888873933487654e-14	0.0	0.0	0.0	0.0
ti|374833|org|Neisseria_meningitidis_053442	0.0	0.0	0.0	0.0	0.0	8.890962167152894e-16	1.6650682011935209e-06	0.25	0.0	6.6602728047740835e-06
ti|373903|org|Halothermothrix_orenii_H_168	0.0	0.0	0.0	0.0	0.0	1.0263432170032144e-33	0.0	0.0	0.0	0.0
ti|373384|org|Shigella_flexneri_5_str._8401	0.0	0.0	0.0	0.0	0.0	4.9059305930922275e-09	0.0	0.0	0.0	0.0
ti|373153|org|Streptococcus_pneumoniae_D39	0.0	0.0	0.0	0.0	0.0	1.5476937092664112e-07	2.270547547082074e-06	0.34090909090909094	0.0	1.9980818414322252e-05
ti|370554|org|Streptococcus_pyogenes_MGAS10750	0.0	0.0	0.0	0.0	0.0	3.30314381390165e-11	0.0	0.0	0.0	0.0
ti|370553|org|Streptococcus_pyogenes_MGAS2096	0.0	0.0	0.0	0.0	0.0	1.0138189656781609e-13	0.0	0.0	0.0	0.0
ti|370552|org|Streptococcus_pyogenes_MGAS10270	0.0	0.0	0.0	0.0	0.0	4.270150438622618e-12	0.0	0.0	0.0	0.0
ti|370551|org|Streptococcus_pyogenes_MGAS9429	0.0	0.0	0.0	0.0	0.0	6.5384774459391046e-12	0.0	0.0	0.0	0.0
ti|365046|org|Ramlibacter_tataouinensis_TTB310	0.0	0.0	0.0	0.0	0.0	2.0664217049417617e-16	6.6602728047740835e-06	1.0	0.0	6.6602728047740835e-06
ti|365044|org|Polaromonas_naphthalenivorans_CJ2	0.0	0.0	0.0	0.0	0.0	1.4683960095016068e-16	0.0	0.0	0.0	0.0
ti|363253|org|Lawsonia_intracellularis_PHE/MN1-00	0.0	0.0	0.0	0.0	0.0	1.4526948789017036e-12	5.5502273373117354e-06	0.8333333333333333	0.0	1.3320545609548167e-05
ti|362663|org|Escherichia_coli_536	0.0	0.0	0.0	0.0	0.0	4.7001284443393805e-07	6.05479345888553e-07	0.09090909090909091	0.0	6.6602728047740835e-06
ti|358681|org|Brevibacillus_brevis_NBRC_100599	0.0	0.0	0.0	0.0	0.0	2.680629871432086e-18	0.0	0.0	0.0	0.0
ti|358220|org|Acidovorax_sp._KKS102	0.0	0.0	0.0	0.0	0.0	1.3214746200393737e-15	0.0	0.0	0.0	0.0
ti|357348|org|Burkholderia_pseudomallei_1106a	0.0	0.0	0.0	0.0	0.0	4.720547235333685e-16	0.0	0.0	0.0	0.0
ti|351627|org|Caldicellulosiruptor_saccharolyticus_DSM_8903	0.0	0.0	0.0	0.0	0.0	5.957267600915035e-18	0.0	0.0	0.0	0.0
ti|350688|org|Alkaliphilus_oremlandii_OhILAs	0.0	0.0	0.0	0.0	0.0	1.8059107632281053e-15	0.0	0.0	0.0	0.0
ti|349519|org|Leuconostoc_citreum_KM20	0.0	0.0	0.0	0.0	0.0	1.8620374271663093e-17	6.6602728047740835e-06	1.0	6.6602728047740835e-06	0.0
ti|349161|org|Desulfotomaculum_reducens_MI-1	0.0	0.0	0.0	0.0	0.0	1.410994031274673e-17	0.0	0.0	0.0	0.0
ti|349124|org|Halorhodospira_halophila_SL1	0.0	0.0	0.0	0.0	0.0	8.31203758166234e-17	0.0	0.0	0.0	0.0
ti|347253|org|Streptococcus_salivarius_JIM8777	0.0	0.0	0.0	0.0	0.0	0.000287929995843494	0.0003573315648723265	53.65119047619059	0.0	0.002710731031543052
ti|345219|org|Bacillus_coagulans_36D1	0.0	0.0	0.0	0.0	0.0	2.4010504835395155e-33	0.0	0.0	0.0	0.0
ti|344609|org|Shigella_boydii_CDC_3083-94	0.0	0.0	0.0	0.0	0.0	9.724846418082767e-09	0.0	0.0	0.0	0.0
ti|340100|org|Bordetella_petrii_DSM_12804	0.0	0.0	0.0	0.0	0.0	3.2182109433261853e-14	2.2200909349246945e-06	0.3333333333333333	0.0	6.6602728047740835e-06
ti|339670|org|Burkholderia_ambifaria_AMMD	0.0	0.0	0.0	0.0	0.0	8.157852544505825e-16	0.0	0.0	0.0	0.0
ti|338966|org|Pelobacter_propionicus_DSM_2379	0.0	0.0	0.0	0.0	0.0	5.671104393439996e-18	0.0	0.0	0.0	0.0
ti|338963|org|Pelobacter_carbinolicus_DSM_2380	0.0	0.0	0.0	0.0	0.0	1.8713047241901234e-18	0.0	0.0	0.0	0.0
ti|335283|org|Nitrosomonas_eutropha_C91	0.0	0.0	0.0	0.0	0.0	1.4432251703905627e-15	0.0	0.0	0.0	0.0
ti|333849|org|Enterococcus_faecium_DO	0.0	0.0	0.0	0.0	0.0	1.8677685712653472e-17	8.325341005967604e-07	0.125	0.0	6.6602728047740835e-06
ti|331272|org|Burkholderia_cenocepacia_HI2424	0.0	0.0	0.0	0.0	0.0	5.267896490275068e-16	0.0	0.0	0.0	0.0
ti|331271|org|Burkholderia_cenocepacia_AU_1054	0.0	0.0	0.0	0.0	0.0	2.132278702352461e-16	0.0	0.0	0.0	0.0
ti|331111|org|Escherichia_coli_E24377A	0.0	0.0	0.0	0.0	0.0	4.6769152142967476e-07	6.05479345888553e-07	0.09090909090909091	0.0	6.6602728047740835e-06
ti|326426|org|Bifidobacterium_breve_UCC2003	0.0	0.0	0.0	0.0	0.0	1.863336609294376e-05	6.713132112748481e-06	1.007936507936508	0.0	5.328218243819267e-05
ti|323848|org|Nitrosospira_multiformis_ATCC_25196	0.0	0.0	0.0	0.0	0.0	3.1863538437208155e-14	9.324381926683717e-05	14.0	1.3320545609548167e-05	8.658354646206308e-05
ti|321956|org|Lactobacillus_delbrueckii_subsp._bulgaricus_ATCC_BAA-365	0.0	0.0	0.0	0.0	0.0	1.3744415642869519e-05	4.440181869849389e-06	0.6666666666666666	0.0	1.3320545609548167e-05
ti|320389|org|Burkholderia_mallei_NCTC_10247	0.0	0.0	0.0	0.0	0.0	8.508620782348371e-16	0.0	0.0	0.0	0.0
ti|320388|org|Burkholderia_mallei_SAVP1	0.0	0.0	0.0	0.0	0.0	3.54890667668912e-16	0.0	0.0	0.0	0.0
ti|320373|org|Burkholderia_pseudomallei_668	0.0	0.0	0.0	0.0	0.0	7.477113622676836e-16	0.0	0.0	0.0	0.0
ti|320372|org|Burkholderia_pseudomallei_1710b	0.0	0.0	0.0	0.0	0.0	3.0520928592020276e-16	0.0	0.0	0.0	0.0
ti|319701|org|Streptococcus_pyogenes_MGAS6180	0.0	0.0	0.0	0.0	0.0	2.2264251753004268e-11	0.0	0.0	0.0	0.0
ti|31964|org|Clavibacter_michiganensis_subsp._sepedonicus	0.0	0.0	0.0	0.0	0.0	1.7058308600809414e-16	0.0	0.0	0.0	0.0
ti|318586|org|Paracoccus_denitrificans_PD1222	0.0	0.0	0.0	0.0	0.0	9.947644792449891e-33	6.6602728047740835e-06	1.0	6.6602728047740835e-06	0.0
ti|318167|org|Shewanella_frigidimarina_NCIMB_400	0.0	0.0	0.0	0.0	0.0	2.8251207096042372e-18	0.0	0.0	0.0	0.0
ti|316407|org|Escherichia_coli_str._K-12_substr._W3110	0.0	0.0	0.0	0.0	0.0	7.738308386793148e-07	1.844383238245131e-06	0.27692307692307694	0.0	1.3320545609548167e-05
ti|316401|org|Escherichia_coli_ETEC_H10407	0.0	0.0	0.0	0.0	0.0	7.738387318236919e-07	3.176437799199948e-06	0.47692307692307695	0.0	1.9980818414322252e-05
ti|316385|org|Escherichia_coli_str._K-12_substr._DH10B	0.0	0.0	0.0	0.0	0.0	1.0075820207629002e-06	1.844383238245131e-06	0.27692307692307694	0.0	1.3320545609548167e-05
ti|315749|org|Bacillus_cytotoxicus_NVH_391-98	0.0	0.0	0.0	0.0	0.0	5.454137958642824e-13	0.0	0.0	0.0	0.0
ti|312153|org|Polynucleobacter_necessarius_subsp._asymbioticus_QLW-P1DMWA-1	0.0	0.0	0.0	0.0	0.0	8.167073690618004e-16	0.0	0.0	0.0	0.0
ti|300267|org|Shigella_dysenteriae_Sd197	0.0	0.0	0.0	0.0	0.0	2.1600582094778243e-07	0.0	0.0	0.0	0.0
ti|299768|org|Streptococcus_thermophilus_CNRZ1066	0.0	0.0	0.0	0.0	0.0	0.0002882705909228484	0.00035819581455770786	53.78095238095249	0.0	0.002697410485933504
ti|298654|org|Frankia_sp._EuI1c	0.0	0.0	0.0	0.0	0.0	4.738649463553607e-16	0.0	0.0	0.0	0.0
ti|296591|org|Polaromonas_sp._JS666	0.0	0.0	0.0	0.0	0.0	3.728492710642092e-17	0.0	0.0	0.0	0.0
ti|295405|org|Bacteroides_fragilis_YCH46	0.0	0.0	0.0	0.0	0.0	0.011899709598134318	0.013727044259732079	2061.0333333332132	5.9942455242966753e-05	0.042805573316283034
ti|293653|org|Streptococcus_pyogenes_MGAS5005	0.0	0.0	0.0	0.0	0.0	1.875525488866987e-15	0.0	0.0	0.0	0.0
ti|292459|org|Symbiobacterium_thermophilum_IAM_14863	0.0	0.0	0.0	0.0	0.0	5.123996842746383e-34	0.0	0.0	0.0	0.0
ti|292415|org|Thiobacillus_denitrificans_ATCC_25259	0.0	0.0	0.0	0.0	0.0	9.307187418922035e-16	0.0	0.0	0.0	0.0
ti|290397|org|Anaeromyxobacter_dehalogenans_2CP-C	0.0	0.0	0.0	0.0	0.0	3.24286221469343e-17	2.2200909349246945e-06	0.3333333333333333	0.0	6.6602728047740835e-06
ti|289380|org|Clostridium_perfringens_SM101	0.0	0.0	0.0	0.0	0.0	3.715461149345377e-17	0.0	0.0	0.0	0.0
ti|288681|org|Bacillus_cereus_E33L	0.0	0.0	0.0	0.0	0.0	1.5475763476404872e-13	3.3301364023870418e-06	0.5	0.0	6.6602728047740835e-06
ti|286636|org|Streptococcus_pyogenes_MGAS10394	0.0	0.0	0.0	0.0	0.0	3.32965421208078e-16	0.0	0.0	0.0	0.0
ti|281090|org|Leifsonia_xyli_subsp._xyli_str._CTCB07	0.0	0.0	0.0	0.0	0.0	7.585304673804484e-16	0.0	0.0	0.0	0.0
ti|279808|org|Staphylococcus_haemolyticus_JCSC1435	0.0	0.0	0.0	0.0	0.0	2.5633257084244912e-14	0.0	0.0	0.0	0.0
ti|279010|org|Bacillus_licheniformis_DSM_13_=_ATCC_14580	0.0	0.0	0.0	0.0	0.0	1.7922239166961477e-09	0.0	0.0	0.0	0.0
ti|272831|org|Neisseria_meningitidis_FAM18	0.0	0.0	0.0	0.0	0.0	5.744441323432572e-16	7.400303116415648e-07	0.1111111111111111	0.0	6.6602728047740835e-06
ti|272626|org|Listeria_innocua_Clip11262	0.0	0.0	0.0	0.0	0.0	1.7654103216779738e-16	0.0	0.0	0.0	0.0
ti|272623|org|Lactococcus_lactis_subsp._lactis_Il1403	0.0	0.0	0.0	0.0	0.0	1.128804970774943e-06	2.4050985128350857e-06	0.3611111111111111	0.0	1.9980818414322252e-05
ti|272622|org|Lactococcus_lactis_subsp._cremoris_SK11	0.0	0.0	0.0	0.0	0.0	1.1287591039880359e-06	1.5725644122383253e-06	0.2361111111111111	0.0	1.3320545609548167e-05
ti|272560|org|Burkholderia_pseudomallei_K96243	0.0	0.0	0.0	0.0	0.0	6.719249020890719e-16	0.0	0.0	0.0	0.0
ti|271848|org|Burkholderia_thailandensis_E264	0.0	0.0	0.0	0.0	0.0	1.8816668474177892e-16	0.0	0.0	0.0	0.0
ti|269483|org|Burkholderia_sp._383	0.0	0.0	0.0	0.0	0.0	3.9907071982172386e-16	0.0	0.0	0.0	0.0
ti|269482|org|Burkholderia_vietnamiensis_G4	0.0	0.0	0.0	0.0	0.0	1.8886572326114628e-16	0.0	0.0	0.0	0.0
ti|266264|org|Cupriavidus_metallidurans_CH34	0.0	0.0	0.0	0.0	0.0	1.2764988080216535e-14	2.331095481670929e-05	3.5	6.6602728047740835e-06	1.9980818414322252e-05
ti|264732|org|Moorella_thermoacetica_ATCC_39073	0.0	0.0	0.0	0.0	0.0	7.136637230240513e-33	0.0	0.0	0.0	0.0
ti|264731|org|Prevotella_ruminicola_23	0.0	0.0	0.0	0.0	0.0	2.9260340037083144e-17	0.0	0.0	0.0	0.0
ti|264199|org|Streptococcus_thermophilus_LMG_18311	0.0	0.0	0.0	0.0	0.0	0.0002780712198528673	0.00033973734421304815	51.0095238095239	0.0	0.0025975063938618926
ti|261594|org|Bacillus_anthracis_str._Ames_Ancestor	0.0	0.0	0.0	0.0	0.0	6.10837194134543e-14	0.0	0.0	0.0	0.0
ti|257311|org|Bordetella_parapertussis_12822	0.0	0.0	0.0	0.0	0.0	1.0030516370077012e-13	0.00015596138817845973	23.416666666666657	6.6602728047740835e-06	0.0004129369138959932
ti|246197|org|Myxococcus_xanthus_DK_1622	0.0	0.0	0.0	0.0	0.0	1.993725634893042e-17	0.0	0.0	0.0	0.0
ti|243365|org|Chromobacterium_violaceum_ATCC_12472	0.0	0.0	0.0	0.0	0.0	9.073794554202906e-16	1.3320545609548167e-05	2.0	0.0	1.3320545609548167e-05
ti|243160|org|Burkholderia_mallei_ATCC_23344	0.0	0.0	0.0	0.0	0.0	5.564997515617004e-16	0.0	0.0	0.0	0.0
ti|242619|org|Porphyromonas_gingivalis_W83	0.0	0.0	0.0	0.0	0.0	5.24475765229734e-18	0.0	0.0	0.0	0.0
ti|242231|org|Neisseria_gonorrhoeae_FA_1090	0.0	0.0	0.0	0.0	0.0	9.525833122240886e-16	0.0	0.0	0.0	0.0
ti|235909|org|Geobacillus_kaustophilus_HTA426	0.0	0.0	0.0	0.0	0.0	1.3343994024117019e-11	0.0	0.0	0.0	0.0
ti|232721|org|Acidovorax_sp._JS42	0.0	0.0	0.0	0.0	0.0	1.1012414949445569e-17	0.0	0.0	0.0	0.0
ti|225937|org|Marinobacter_adhaerens_HP15	0.0	0.0	0.0	0.0	0.0	1.9005259567846377e-18	0.0	0.0	0.0	0.0
ti|223283|org|Pseudomonas_syringae_pv._tomato_str._DC3000	0.0	0.0	0.0	0.0	0.0	1.2174159446542908e-14	0.0	0.0	0.0	0.0
ti|220664|org|Pseudomonas_protegens_Pf-5	0.0	0.0	0.0	0.0	0.0	2.0708083403363793e-14	6.6602728047740835e-06	1.0	0.0	6.6602728047740835e-06
ti|218495|org|Streptococcus_uberis_0140J	0.0	0.0	0.0	0.0	0.0	1.065079961266918e-05	0.00024054685279909071	36.116666666666674	1.9980818414322252e-05	0.0002797314578005115
ti|218494|org|Streptococcus_suis_P1/7	0.0	0.0	0.0	0.0	0.0	1.2459322821009242e-08	0.0	0.0	0.0	0.0
ti|216595|org|Pseudomonas_fluorescens_SBW25	0.0	0.0	0.0	0.0	0.0	1.9838409720376938e-16	0.0	0.0	0.0	0.0
ti|216591|org|Burkholderia_cenocepacia_J2315	0.0	0.0	0.0	0.0	0.0	5.591001329236727e-16	0.0	0.0	0.0	0.0
ti|211110|org|Streptococcus_agalactiae_NEM316	0.0	0.0	0.0	0.0	0.0	1.3928702867834802e-15	0.0	0.0	0.0	0.0
ti|210007|org|Streptococcus_mutans_UA159	0.0	0.0	0.0	0.0	0.0	2.0020185787423694e-12	0.0	0.0	0.0	0.0
ti|208964|org|Pseudomonas_aeruginosa_PAO1	0.0	0.0	0.0	0.0	0.0	4.595276694436118e-15	0.0	0.0	0.0	0.0
ti|208596|org|Carnobacterium_sp._17-4	0.0	0.0	0.0	0.0	0.0	1.0924606250044443e-14	6.6602728047740835e-06	1.0	0.0	6.6602728047740835e-06
ti|206672|org|Bifidobacterium_longum_NCC2705	0.0	0.0	0.0	0.0	0.0	1.7496355502337962e-05	1.583688893871119e-05	2.377813852813853	0.0	0.00011988491048593351
ti|205921|org|Streptococcus_agalactiae_A909	0.0	0.0	0.0	0.0	0.0	1.1960842583268816e-13	0.0	0.0	0.0	0.0
ti|205913|org|Bifidobacterium_longum_DJO10A	0.0	0.0	0.0	0.0	0.0	1.619232688718043e-05	1.39762412980124e-05	2.098448773448774	0.0	0.00010656436487638534
ti|204773|org|Herminiimonas_arsenicoxydans	0.0	0.0	0.0	0.0	0.0	1.760251021673771e-14	1.9980818414322252e-05	3.0	1.3320545609548167e-05	6.6602728047740835e-06
ti|199310|org|Escherichia_coli_CFT073	0.0	0.0	0.0	0.0	0.0	4.6769152142967476e-07	6.05479345888553e-07	0.09090909090909091	0.0	6.6602728047740835e-06
ti|198466|org|Streptococcus_pyogenes_MGAS315	0.0	0.0	0.0	0.0	0.0	5.401037944044164e-11	0.0	0.0	0.0	0.0
ti|198215|org|Shigella_flexneri_2a_str._2457T	0.0	0.0	0.0	0.0	0.0	6.434345323675498e-11	0.0	0.0	0.0	0.0
ti|196620|org|Staphylococcus_aureus_subsp._aureus_MW2	0.0	0.0	0.0	0.0	0.0	5.218720362249298e-15	0.0	0.0	0.0	0.0
ti|195103|org|Clostridium_perfringens_ATCC_13124	0.0	0.0	0.0	0.0	0.0	3.837900153515746e-15	6.6602728047740835e-06	1.0	0.0	1.3320545609548167e-05
ti|195102|org|Clostridium_perfringens_str._13	0.0	0.0	0.0	0.0	0.0	2.5451119211711113e-16	6.6602728047740835e-06	1.0	0.0	1.3320545609548167e-05
ti|193567|org|Streptococcus_pyogenes_SSI-1	0.0	0.0	0.0	0.0	0.0	3.110065560445321e-13	0.0	0.0	0.0	0.0
ti|189423|org|Streptococcus_pneumoniae_670-6B	0.0	0.0	0.0	0.0	0.0	2.2169617199844918e-07	1.0812131176581304e-06	0.16233766233766234	0.0	1.3320545609548167e-05
ti|186103|org|Streptococcus_pyogenes_MGAS8232	0.0	0.0	0.0	0.0	0.0	5.094476120185023e-16	0.0	0.0	0.0	0.0
ti|171101|org|Streptococcus_pneumoniae_R6	0.0	0.0	0.0	0.0	0.0	3.05065176164467e-07	2.7462813188516515e-06	0.41233766233766234	0.0	2.6641091219096334e-05
ti|170187|org|Streptococcus_pneumoniae_TIGR4	0.0	0.0	0.0	0.0	0.0	3.166028931088633e-07	4.411349520045172e-06	0.6623376623376623	0.0	3.9961636828644505e-05
ti|160491|org|Streptococcus_pyogenes_str._Manfredo	0.0	0.0	0.0	0.0	0.0	4.477808003155919e-15	0.0	0.0	0.0	0.0
ti|160490|org|Streptococcus_pyogenes_M1_GAS	0.0	0.0	0.0	0.0	0.0	3.27545425308006e-11	0.0	0.0	0.0	0.0
ti|160488|org|Pseudomonas_putida_KT2440	0.0	0.0	0.0	0.0	0.0	8.17359840197915e-15	0.0	0.0	0.0	0.0
ti|159087|org|Dechloromonas_aromatica_RCB	0.0	0.0	0.0	0.0	0.0	3.0565837259034614e-16	0.0	0.0	0.0	0.0
ti|158878|org|Staphylococcus_aureus_subsp._aureus_Mu50	0.0	0.0	0.0	0.0	0.0	5.218720362249298e-15	0.0	0.0	0.0	0.0
ti|155864|org|Escherichia_coli_O157:H7_str._EDL933	0.0	0.0	0.0	0.0	0.0	1.7293819368287295e-13	0.0	0.0	0.0	0.0
ti|153948|org|Nitrosomonas_sp._AL212	0.0	0.0	0.0	0.0	0.0	3.377546598409177e-14	9.324381926683717e-05	14.0	1.9980818414322252e-05	8.658354646206308e-05
ti|134676|org|Actinoplanes_sp._SE50/110	0.0	0.0	0.0	0.0	0.0	3.155993067543228e-15	0.0	0.0	0.0	0.0
ti|1322246|org|Desulfovibrio_piezophilus_C1TLV30	0.0	0.0	0.0	0.0	0.0	1.8356329066164362e-13	0.0	0.0	0.0	0.0
ti|1288122|org|Edwardsiella_tarda_C07-087	0.0	0.0	0.0	0.0	0.0	2.7420572720919154e-33	0.0	0.0	0.0	0.0
ti|1283331|org|Azotobacter_vinelandii_CA6	0.0	0.0	0.0	0.0	0.0	8.737180173343407e-16	0.0	0.0	0.0	0.0
ti|1278073|org|Myxococcus_stipitatus_DSM_14675	0.0	0.0	0.0	0.0	0.0	4.885982227082982e-17	0.0	0.0	0.0	0.0
ti|1274814|org|Escherichia_coli_APEC_O78	0.0	0.0	0.0	0.0	0.0	4.6769154284389735e-07	6.05479345888553e-07	0.09090909090909091	0.0	6.6602728047740835e-06
ti|1267577|org|Candidatus_Kinetoplastibacterium_crithidii_(ex_Angomonas_deanei	0.0	0.0	0.0	0.0	0.0	2.6247259565744e-16	0.0	0.0	0.0	0.0
ti|1254439|org|Bifidobacterium_thermophilum_RBL67	0.0	0.0	0.0	0.0	0.0	3.0681530273426156e-06	2.296977201069273e-06	0.3448773448773449	0.0	1.9980818414322252e-05
ti|1246365|org|Streptococcus_suis_SC070731	0.0	0.0	0.0	0.0	0.0	3.770852645284779e-09	0.0	0.0	0.0	0.0
ti|1235829|org|Streptococcus_pyogenes_A20	0.0	0.0	0.0	0.0	0.0	4.4798284302756603e-11	0.0	0.0	0.0	0.0
ti|1234378|org|Lawsonia_intracellularis_N343	0.0	0.0	0.0	0.0	0.0	1.399996014496738e-12	5.5502273373117354e-06	0.8333333333333333	0.0	1.3320545609548167e-05
ti|1234142|org|Listeria_monocytogenes_N53-1	0.0	0.0	0.0	0.0	0.0	1.4511172626184469e-16	0.0	0.0	0.0	0.0
ti|1233873|org|Geobacillus_sp._GHH01	0.0	0.0	0.0	0.0	0.0	2.3526116646986923e-12	0.0	0.0	0.0	0.0
ti|1231389|org|Streptococcus_agalactiae_SA20-06	0.0	0.0	0.0	0.0	0.0	1.3426605001414823e-16	0.0	0.0	0.0	0.0
ti|1229785|org|Burkholderia_pseudomallei_BPC006	0.0	0.0	0.0	0.0	0.0	1.9184709458864543e-16	0.0	0.0	0.0	0.0
ti|1229758|org|Leuconostoc_carnosum_JB16	0.0	0.0	0.0	0.0	0.0	8.91729999644696e-18	0.0	0.0	0.0	0.0
ti|1229756|org|Leuconostoc_gelidum_JB7	0.0	0.0	0.0	0.0	0.0	5.3493083654463725e-17	0.0	0.0	0.0	0.0
ti|122587|org|Neisseria_meningitidis_Z2491	0.0	0.0	0.0	0.0	0.0	2.599694005893417e-15	7.955325850146822e-06	1.1944444444444444	0.0	3.330136402387042e-05
ti|122586|org|Neisseria_meningitidis_MC58	0.0	0.0	0.0	0.0	0.0	8.230081664530488e-16	7.400303116415648e-07	0.1111111111111111	0.0	6.6602728047740835e-06
ti|1225788|org|Bacillus_amyloliquefaciens_subsp._plantarum_AS43.3	0.0	0.0	0.0	0.0	0.0	3.06552195887644e-11	0.0	0.0	0.0	0.0
ti|1218175|org|Bacillus_thuringiensis_HD-771	0.0	0.0	0.0	0.0	0.0	1.8827611855290505e-13	0.0	0.0	0.0	0.0
ti|1215088|org|Pseudomonas_putida_HB3267	0.0	0.0	0.0	0.0	0.0	8.17359840197915e-15	0.0	0.0	0.0	0.0
ti|1208923|org|Candidatus_Kinetoplastibacterium_blastocrithidii_(ex_Strigomonas	0.0	0.0	0.0	0.0	0.0	4.370294720901189e-14	0.0	0.0	0.0	0.0
ti|1208922|org|Candidatus_Kinetoplastibacterium_blastocrithidii_TCC012E	0.0	0.0	0.0	0.0	0.0	1.8401164165910147e-14	0.0	0.0	0.0	0.0
ti|1208919|org|Candidatus_Kinetoplastibacterium_desouzaii_TCC079E	0.0	0.0	0.0	0.0	0.0	1.6720268897950217e-17	0.0	0.0	0.0	0.0
ti|1208918|org|Candidatus_Kinetoplastibacterium_crithidii_TCC036E	0.0	0.0	0.0	0.0	0.0	7.042101310165314e-16	0.0	0.0	0.0	0.0
ti|1208660|org|Bordetella_parapertussis_Bpp5	0.0	0.0	0.0	0.0	0.0	1.2144473155246716e-13	0.0001542963199772662	23.166666666666657	0.0	0.0004129369138959932
ti|1208658|org|Bordetella_bronchiseptica_MO149	0.0	0.0	0.0	0.0	0.0	7.481199011203105e-14	0.00011566673770957656	17.366666666666664	0.0	0.00031969309462915604
ti|1199245|org|secondary_endosymbiont_of_Ctenarytaina_eucalypti	0.0	0.0	0.0	0.0	0.0	2.160768940230677e-15	0.0	0.0	0.0	0.0
ti|1198676|org|Streptococcus_mutans_GS-5	0.0	0.0	0.0	0.0	0.0	4.4081265430648496e-13	3.3301364023870418e-06	0.5	0.0	6.6602728047740835e-06
ti|1196835|org|Pseudomonas_stutzeri_CCUG_29243	0.0	0.0	0.0	0.0	0.0	4.910766466737159e-15	0.0	0.0	0.0	0.0
ti|1192196|org|Bacillus_subtilis_subsp._subtilis_str._BSP1	0.0	0.0	0.0	0.0	0.0	1.4842938993267866e-10	0.0	0.0	0.0	0.0
ti|1184252|org|Streptococcus_suis_S735	0.0	0.0	0.0	0.0	0.0	2.6116755735242243e-08	0.0	0.0	0.0	0.0
ti|1179773|org|Saccharothrix_espanaensis_DSM_44229	0.0	0.0	0.0	0.0	0.0	1.1471118367386178e-14	6.6602728047740835e-06	1.0	6.6602728047740835e-06	0.0
ti|1168290|org|Bifidobacterium_animalis_subsp._lactis_B420	0.0	0.0	0.0	0.0	0.0	1.9289497478966676e-05	3.1692038365631704e-05	4.758369408369407	0.0	0.0001998081841432225
ti|1155777|org|Bacillus_amyloliquefaciens_subsp._plantarum_YAU_B9601-Y2	0.0	0.0	0.0	0.0	0.0	3.06552195887644e-11	0.0	0.0	0.0	0.0
ti|1155766|org|Enterococcus_faecium_Aus0004	0.0	0.0	0.0	0.0	0.0	1.8677685712653472e-17	8.325341005967604e-07	0.125	0.0	6.6602728047740835e-06
ti|1155084|org|Staphylococcus_aureus_subsp._aureus_71193	0.0	0.0	0.0	0.0	0.0	4.898872128578218e-15	0.0	0.0	0.0	0.0
ti|1155071|org|Streptococcus_mutans_LJ23	0.0	0.0	0.0	0.0	0.0	1.032808609047048e-16	0.0	0.0	0.0	0.0
ti|1147128|org|Bifidobacterium_asteroides_PRL2011	0.0	0.0	0.0	0.0	0.0	1.6592208310253845e-07	0.0	0.0	0.0	0.0
ti|1144275|org|Corallococcus_coralloides_DSM_2259	0.0	0.0	0.0	0.0	0.0	2.1695922996091596e-16	0.0	0.0	0.0	0.0
ti|1134782|org|Escherichia_coli_O104:H4_str._2009EL-2050	0.0	0.0	0.0	0.0	0.0	2.8944583230528088e-08	0.0	0.0	0.0	0.0
ti|1133853|org|Escherichia_coli_O104:H4_str._2009EL-2071	0.0	0.0	0.0	0.0	0.0	2.8944583230528088e-08	0.0	0.0	0.0	0.0
ti|1133852|org|Escherichia_coli_O104:H4_str._2011C-3493	0.0	0.0	0.0	0.0	0.0	2.894442625543049e-08	0.0	0.0	0.0	0.0
ti|1130804|org|Streptococcus_pneumoniae_ST556	0.0	0.0	0.0	0.0	0.0	1.7393080403019204e-07	8.325341005967604e-07	0.125	0.0	6.6602728047740835e-06
ti|1124991|org|Morganella_morganii_subsp._morganii_KT	0.0	0.0	0.0	0.0	0.0	3.457031294187266e-18	0.0	0.0	0.0	0.0
ti|1123523|org|Staphylococcus_aureus_subsp._aureus_11819-97	0.0	0.0	0.0	0.0	0.0	5.218720362249298e-15	0.0	0.0	0.0	0.0
ti|1123519|org|Pseudomonas_stutzeri_DSM_10701	0.0	0.0	0.0	0.0	0.0	7.650609961174742e-16	0.0	0.0	0.0	0.0
ti|1121451|org|Desulfovibrio_hydrothermalis_AM13_=_DSM_14728	0.0	0.0	0.0	0.0	0.0	3.343707036439978e-13	1.9980818414322252e-05	3.0	1.3320545609548167e-05	6.6602728047740835e-06
ti|1116231|org|Streptococcus_macedonicus_ACA-DC_198	0.0	0.0	0.0	0.0	0.0	6.2513729796686084e-09	0.0	0.0	0.0	0.0
ti|1114958|org|Bacillus_amyloliquefaciens_subsp._plantarum_CAU_B946	0.0	0.0	0.0	0.0	0.0	6.65639313349281e-13	0.0	0.0	0.0	0.0
ti|1111678|org|Lactococcus_lactis_subsp._cremoris_UC509.9	0.0	0.0	0.0	0.0	0.0	1.1288005572075408e-06	1.5725644122383253e-06	0.2361111111111111	0.0	1.3320545609548167e-05
ti|1111068|org|Geobacillus_thermoleovorans_CCB_US3_UF5	0.0	0.0	0.0	0.0	0.0	1.3428964908181885e-11	0.0	0.0	0.0	0.0
ti|1110693|org|Escherichia_coli_str._K-12_substr._MDS42	0.0	0.0	0.0	0.0	0.0	1.0676608770589923e-06	1.844383238245131e-06	0.27692307692307694	0.0	1.3320545609548167e-05
ti|1104325|org|Enterococcus_faecium_NRRL_B-2354	0.0	0.0	0.0	0.0	0.0	5.125472448549317e-15	1.0822943307757885e-05	1.625	6.6602728047740835e-06	1.3320545609548167e-05
ti|1104322|org|Lactococcus_lactis_subsp._cremoris_A76	0.0	0.0	0.0	0.0	0.0	1.1288049707580095e-06	2.4050985128350857e-06	0.3611111111111111	0.0	1.9980818414322252e-05
ti|1097668|org|Burkholderia_sp._YI23	0.0	0.0	0.0	0.0	0.0	4.846935358499138e-17	0.0	0.0	0.0	0.0
ti|1091497|org|Taylorella_equigenitalis_14/56	0.0	0.0	0.0	0.0	0.0	4.6984759133699443e-17	0.0	0.0	0.0	0.0
ti|1091495|org|Taylorella_asinigenitalis_14/45	0.0	0.0	0.0	0.0	0.0	6.992327855328137e-18	0.0	0.0	0.0	0.0
ti|1090974|org|Melissococcus_plutonius_DAT561	0.0	0.0	0.0	0.0	0.0	8.419216611705418e-18	0.0	0.0	0.0	0.0
ti|1075106|org|Bifidobacterium_animalis_subsp._lactis_BLC1	0.0	0.0	0.0	0.0	0.0	1.3767520243852466e-05	2.3736712515484894e-05	3.563924963924964	0.0	0.0001665068201193521
ti|1074919|org|Staphylococcus_aureus_subsp._aureus_ST228	0.0	0.0	0.0	0.0	0.0	1.0117592490827515e-14	0.0	0.0	0.0	0.0
ti|1074252|org|Staphylococcus_aureus_subsp._aureus_HO_5096_0412	0.0	0.0	0.0	0.0	0.0	5.218720362249298e-15	0.0	0.0	0.0	0.0
ti|1072459|org|Escherichia_coli_O7:K1_str._CE10	0.0	0.0	0.0	0.0	0.0	2.9383003837967745e-07	0.0	0.0	0.0	0.0
ti|1069533|org|Streptococcus_infantarius_subsp._infantarius_CJ18	0.0	0.0	0.0	0.0	0.0	5.960702479208183e-14	0.0	0.0	0.0	0.0
ti|105559|org|Nitrosococcus_watsonii_C-113	0.0	0.0	0.0	0.0	0.0	1.167224170793144e-16	0.0	0.0	0.0	0.0
ti|1054460|org|Streptococcus_pseudopneumoniae_IS7493	0.0	0.0	0.0	0.0	0.0	3.027883943450613e-30	8.325341005967604e-07	0.125	0.0	6.6602728047740835e-06
ti|1052585|org|Bacillus_subtilis_subsp._spizizenii_TU-B-10	0.0	0.0	0.0	0.0	0.0	1.1777417034391426e-10	0.0	0.0	0.0	0.0
ti|1048689|org|Escherichia_coli_O55:H7_str._RM12579	0.0	0.0	0.0	0.0	0.0	6.764851877220415e-13	0.0	0.0	0.0	0.0
ti|1048332|org|Streptococcus_salivarius_CCHSS3	0.0	0.0	0.0	0.0	0.0	0.00027993518425808257	0.0003502272738805674	52.584523809523915	0.0	0.002610826939471441
ti|1046629|org|Streptococcus_salivarius_57.I	0.0	0.0	0.0	0.0	0.0	0.0002135870053744219	0.00034627868357487985	51.99166666666676	0.0	0.0025841858482523444
ti|1045854|org|Weissella_koreensis_KACC_15510	0.0	0.0	0.0	0.0	0.0	1.5325202501385696e-16	6.6602728047740835e-06	1.0	6.6602728047740835e-06	0.0
ti|1042878|org|Cupriavidus_necator_N-1	0.0	0.0	0.0	0.0	0.0	3.935918488037066e-14	5.328218243819267e-05	8.0	1.9980818414322252e-05	3.330136402387042e-05
ti|1042403|org|Bifidobacterium_animalis_subsp._lactis_CNCM_I-2494	0.0	0.0	0.0	0.0	0.0	1.3226681992245919e-05	2.678140865481019e-05	4.021067821067821	0.0	0.0001665068201193521
ti|1036672|org|Advenella_kashmirensis_WT001	0.0	0.0	0.0	0.0	0.0	1.89961084915311e-15	0.0	0.0	0.0	0.0
ti|1035817|org|Bifidobacterium_longum_subsp._longum_KACC_91563	0.0	0.0	0.0	0.0	0.0	1.624384883669077e-05	1.1600215404563231e-05	1.7417027417027418	0.0	9.324381926683717e-05
ti|1034809|org|Staphylococcus_lugdunensis_N920143	0.0	0.0	0.0	0.0	0.0	5.218720362249298e-15	0.0	0.0	0.0	0.0
ti|1031711|org|Ralstonia_solanacearum_Po82	0.0	0.0	0.0	0.0	0.0	2.6973304064408312e-14	3.9961636828644505e-05	6.0	3.330136402387042e-05	6.6602728047740835e-06
ti|1017264|org|Bordetella_pertussis_CS	0.0	0.0	0.0	0.0	0.0	3.2891753252838243e-14	4.440181869849389e-06	0.6666666666666666	0.0	1.3320545609548167e-05
ti|1010840|org|Streptococcus_pyogenes_MGAS1882	0.0	0.0	0.0	0.0	0.0	4.978787316111002e-11	0.0	0.0	0.0	0.0
ti|1009846|org|Burkholderia_cepacia_GG4	0.0	0.0	0.0	0.0	0.0	4.7248534449977293e-17	0.0	0.0	0.0	0.0
ti|1009464|org|Gardnerella_vaginalis_HMP9231	0.0	0.0	0.0	0.0	0.0	3.7938809172052195e-11	0.0	0.0	0.0	0.0
ti|1007064|org|Streptococcus_suis_ST3	0.0	0.0	0.0	0.0	0.0	6.002504325196733e-08	1.1100454674623473e-06	0.16666666666666666	0.0	6.6602728047740835e-06
ti|1006007|org|Bacillus_megaterium_WSH-002	0.0	0.0	0.0	0.0	0.0	1.8865593625336293e-12	6.6602728047740835e-06	1.0	0.0	6.6602728047740835e-06
ti|1005042|org|Streptococcus_suis_D9	0.0	0.0	0.0	0.0	0.0	6.325824981329074e-08	3.3301364023870418e-06	0.5	0.0	6.6602728047740835e-06
ti|1005041|org|Streptococcus_suis_SS12	0.0	0.0	0.0	0.0	0.0	6.802041908252435e-08	3.3301364023870418e-06	0.5	0.0	6.6602728047740835e-06
ti|1004952|org|Streptococcus_suis_D12	0.0	0.0	0.0	0.0	0.0	1.0276639034197503e-08	0.0	0.0	0.0	0.0
ti|1004951|org|Streptococcus_suis_ST1	0.0	0.0	0.0	0.0	0.0	2.3422809288474645e-08	0.0	0.0	0.0	0.0
ti|1001585|org|Pseudomonas_mendocina_NK-01	0.0	0.0	0.0	0.0	0.0	2.9496119670111425e-14	3.3301364023870418e-06	0.5	0.0	6.6602728047740835e-06
